1, 21/04/2017, 21/04/2030

2, 10/05/2017, 10/05/2030

3, 26/02/2017, 26/02/2030

4, 17/03/2017, 17/03/2030

5, 09/03/2017, 09/03/2030

6, 31/03/2017, 31/03/2030

7, 09/01/2017, 09/01/2030

8, 08/06/2017, 08/06/2030

9, 01/01/2017, 01/01/2030

10, 30/01/2017, 30/01/2030

11, 18/06/2017, 18/06/2030

12, 15/01/2017, 15/01/2030

13, 25/02/2017, 25/02/2030

14, 18/05/2017, 18/05/2030

15, 09/02/2017, 09/02/2030

16, 19/06/2017, 19/06/2030

17, 19/01/2017, 19/01/2030

18, 16/01/2017, 16/01/2030

19, 31/05/2017, 31/05/2030

20, 20/03/2017, 20/03/2030

21, 01/06/2017, 01/06/2030

22, 01/06/2017, 01/06/2030

23, 11/02/2017, 11/02/2030

24, 03/03/2017, 03/03/2030

25, 20/02/2017, 20/02/2030

26, 13/01/2017, 13/01/2030

27, 28/04/2017, 28/04/2030

28, 15/04/2017, 15/04/2030

29, 23/02/2017, 23/02/2030

30, 31/05/2017, 31/05/2030

31, 03/04/2017, 03/04/2030

32, 18/03/2017, 18/03/2030

33, 13/05/2017, 13/05/2030

34, 25/02/2017, 25/02/2030

35, 22/04/2017, 22/04/2030

36, 28/04/2017, 28/04/2030

37, 01/03/2017, 01/03/2030

38, 19/02/2017, 19/02/2030

39, 03/03/2017, 03/03/2030

40, 24/06/2017, 24/06/2030

41, 14/03/2017, 14/03/2030

42, 27/02/2017, 27/02/2030

43, 20/04/2017, 20/04/2030

44, 25/03/2017, 25/03/2030

45, 04/03/2017, 04/03/2030

46, 23/02/2017, 23/02/2030

47, 26/03/2017, 26/03/2030

48, 22/06/2017, 22/06/2030

49, 24/04/2017, 24/04/2030

50, 29/05/2017, 29/05/2030

51, 16/06/2017, 16/06/2030

52, 08/02/2017, 08/02/2030

53, 01/04/2017, 01/04/2030

54, 17/02/2017, 17/02/2030

55, 19/06/2017, 19/06/2030

56, 24/03/2017, 24/03/2030

57, 03/03/2017, 03/03/2030

58, 25/02/2017, 25/02/2030

59, 20/02/2017, 20/02/2030

60, 02/05/2017, 02/05/2030

61, 23/03/2017, 23/03/2030

62, 03/06/2017, 03/06/2030

63, 30/04/2017, 30/04/2030

64, 10/05/2017, 10/05/2030

65, 28/04/2017, 28/04/2030

66, 17/02/2017, 17/02/2030

67, 21/01/2017, 21/01/2030

68, 25/01/2017, 25/01/2030

69, 02/02/2017, 02/02/2030

70, 06/02/2017, 06/02/2030

71, 24/03/2017, 24/03/2030

72, 10/01/2017, 10/01/2030

73, 04/05/2017, 04/05/2030

74, 04/05/2017, 04/05/2030

75, 26/06/2017, 26/06/2030

76, 25/03/2017, 25/03/2030

77, 24/04/2017, 24/04/2030

78, 04/03/2017, 04/03/2030

79, 31/01/2017, 31/01/2030

80, 29/03/2017, 29/03/2030

81, 04/01/2017, 04/01/2030

82, 25/05/2017, 25/05/2030

83, 22/02/2017, 22/02/2030

84, 19/01/2017, 19/01/2030

85, 18/03/2017, 18/03/2030

86, 09/04/2017, 09/04/2030

87, 13/01/2017, 13/01/2030

88, 06/03/2017, 06/03/2030

89, 04/03/2017, 04/03/2030

90, 14/05/2017, 14/05/2030

91, 19/01/2017, 19/01/2030

92, 19/01/2017, 19/01/2030

93, 16/01/2017, 16/01/2030

94, 15/05/2017, 15/05/2030

95, 18/02/2017, 18/02/2030

96, 17/02/2017, 17/02/2030

97, 11/06/2017, 11/06/2030

98, 21/02/2017, 21/02/2030

99, 16/02/2017, 16/02/2030

100, 14/06/2017, 14/06/2030

101, 18/03/2017, 18/03/2030

102, 14/03/2017, 14/03/2030

103, 13/01/2017, 13/01/2030

104, 28/01/2017, 28/01/2030

105, 09/02/2017, 09/02/2030

106, 22/04/2017, 22/04/2030

107, 13/03/2017, 13/03/2030

108, 13/06/2017, 13/06/2030

109, 26/05/2017, 26/05/2030

110, 01/02/2017, 01/02/2030

111, 06/02/2017, 06/02/2030

112, 20/02/2017, 20/02/2030

113, 18/06/2017, 18/06/2030

114, 06/05/2017, 06/05/2030

115, 12/06/2017, 12/06/2030

116, 04/01/2017, 04/01/2030

117, 12/01/2017, 12/01/2030

118, 08/03/2017, 08/03/2030

119, 20/01/2017, 20/01/2030

120, 17/04/2017, 17/04/2030

121, 17/01/2017, 17/01/2030

122, 10/04/2017, 10/04/2030

123, 07/05/2017, 07/05/2030

124, 07/06/2017, 07/06/2030

125, 25/01/2017, 25/01/2030

126, 10/02/2017, 10/02/2030

127, 13/04/2017, 13/04/2030

128, 23/02/2017, 23/02/2030

129, 03/05/2017, 03/05/2030

130, 16/01/2017, 16/01/2030

131, 24/04/2017, 24/04/2030

132, 03/06/2017, 03/06/2030

133, 14/01/2017, 14/01/2030

134, 21/06/2017, 21/06/2030

135, 04/03/2017, 04/03/2030

136, 28/06/2017, 28/06/2030

137, 24/03/2017, 24/03/2030

138, 18/06/2017, 18/06/2030

139, 05/02/2017, 05/02/2030

140, 11/05/2017, 11/05/2030

141, 23/04/2017, 23/04/2030

142, 13/02/2017, 13/02/2030

143, 03/05/2017, 03/05/2030

144, 16/03/2017, 16/03/2030

145, 22/03/2017, 22/03/2030

146, 04/05/2017, 04/05/2030

147, 10/03/2017, 10/03/2030

148, 04/01/2017, 04/01/2030

149, 23/06/2017, 23/06/2030

150, 15/04/2017, 15/04/2030

151, 11/06/2017, 11/06/2030

152, 06/01/2017, 06/01/2030

153, 22/03/2017, 22/03/2030

154, 20/05/2017, 20/05/2030

155, 02/04/2017, 02/04/2030

156, 01/01/2017, 01/01/2030

157, 18/05/2017, 18/05/2030

158, 27/01/2017, 27/01/2030

159, 16/01/2017, 16/01/2030

160, 29/01/2017, 29/01/2030

161, 12/03/2017, 12/03/2030

162, 25/05/2017, 25/05/2030

163, 20/03/2017, 20/03/2030

164, 24/03/2017, 24/03/2030

165, 11/02/2017, 11/02/2030

166, 25/02/2017, 25/02/2030

167, 17/01/2017, 17/01/2030

168, 18/04/2017, 18/04/2030

169, 08/06/2017, 08/06/2030

170, 08/04/2017, 08/04/2030

171, 01/02/2017, 01/02/2030

172, 15/03/2017, 15/03/2030

173, 20/06/2017, 20/06/2030

174, 02/06/2017, 02/06/2030

175, 14/03/2017, 14/03/2030

176, 18/01/2017, 18/01/2030

177, 25/01/2017, 25/01/2030

178, 22/02/2017, 22/02/2030

179, 27/02/2017, 27/02/2030

180, 10/04/2017, 10/04/2030

181, 17/06/2017, 17/06/2030

182, 13/04/2017, 13/04/2030

183, 02/05/2017, 02/05/2030

184, 12/02/2017, 12/02/2030

185, 07/06/2017, 07/06/2030

186, 08/04/2017, 08/04/2030

187, 27/06/2017, 27/06/2030

188, 01/04/2017, 01/04/2030

189, 15/06/2017, 15/06/2030

190, 14/02/2017, 14/02/2030

191, 02/02/2017, 02/02/2030

192, 19/02/2017, 19/02/2030

193, 16/03/2017, 16/03/2030

194, 13/02/2017, 13/02/2030

195, 05/03/2017, 05/03/2030

196, 09/06/2017, 09/06/2030

197, 24/04/2017, 24/04/2030

198, 09/02/2017, 09/02/2030

199, 20/01/2017, 20/01/2030

200, 24/03/2017, 24/03/2030

201, 14/01/2017, 14/01/2030

202, 29/04/2017, 29/04/2030

203, 21/01/2017, 21/01/2030

204, 03/04/2017, 03/04/2030

205, 24/03/2017, 24/03/2030

206, 18/02/2017, 18/02/2030

207, 12/02/2017, 12/02/2030

208, 20/04/2017, 20/04/2030

209, 09/05/2017, 09/05/2030

210, 16/06/2017, 16/06/2030

211, 25/02/2017, 25/02/2030

212, 10/05/2017, 10/05/2030

213, 12/03/2017, 12/03/2030

214, 30/01/2017, 30/01/2030

215, 01/03/2017, 01/03/2030

216, 10/02/2017, 10/02/2030

217, 16/02/2017, 16/02/2030

218, 20/03/2017, 20/03/2030

219, 23/03/2017, 23/03/2030

220, 27/02/2017, 27/02/2030

221, 07/03/2017, 07/03/2030

222, 08/02/2017, 08/02/2030

223, 11/03/2017, 11/03/2030

224, 06/01/2017, 06/01/2030

225, 13/04/2017, 13/04/2030

226, 16/03/2017, 16/03/2030

227, 02/06/2017, 02/06/2030

228, 24/04/2017, 24/04/2030

229, 19/04/2017, 19/04/2030

230, 24/06/2017, 24/06/2030

231, 11/02/2017, 11/02/2030

232, 23/02/2017, 23/02/2030

233, 31/03/2017, 31/03/2030

234, 18/05/2017, 18/05/2030

235, 02/01/2017, 02/01/2030

236, 29/01/2017, 29/01/2030

237, 04/01/2017, 04/01/2030

238, 11/05/2017, 11/05/2030

239, 31/03/2017, 31/03/2030

240, 20/03/2017, 20/03/2030

241, 16/06/2017, 16/06/2030

242, 12/05/2017, 12/05/2030

243, 22/05/2017, 22/05/2030

244, 27/04/2017, 27/04/2030

245, 20/04/2017, 20/04/2030

246, 07/02/2017, 07/02/2030

247, 31/03/2017, 31/03/2030

248, 02/06/2017, 02/06/2030

249, 22/02/2017, 22/02/2030

250, 19/03/2017, 19/03/2030

251, 09/01/2017, 09/01/2030

252, 09/04/2017, 09/04/2030

253, 13/01/2017, 13/01/2030

254, 16/01/2017, 16/01/2030

255, 30/03/2017, 30/03/2030

256, 06/03/2017, 06/03/2030

257, 13/04/2017, 13/04/2030

258, 27/06/2017, 27/06/2030

259, 09/02/2017, 09/02/2030

260, 12/05/2017, 12/05/2030

261, 13/02/2017, 13/02/2030

262, 05/04/2017, 05/04/2030

263, 26/03/2017, 26/03/2030

264, 08/01/2017, 08/01/2030

265, 23/04/2017, 23/04/2030

266, 24/01/2017, 24/01/2030

