1, 17.6225443872 , 154.1037065345, North Pacific, 18/06/2017, 190

2, 14.1436062353 , 155.9835129422, North Pacific, 03/04/2017, 127

3, 4.6460919337 , 164.5174412497, North Pacific, 27/05/2017, 112

4, -35.7481845914 , -119.9515608279, South Pacific, 21/04/2017, 80

5, -35.7335157952 , -105.3782616627, South Pacific, 04/01/2017, 147

6, -19.6432892883 , -116.4548401192, South Pacific, 15/03/2017, 179

7, -29.9801629735 , -100.6120912966, South Pacific, 21/04/2017, 52

8, -11.4464603511 , -116.6498323002, South Pacific, 10/05/2017, 117

9, -16.2430521270 , -90.2811514122, South Pacific, 28/03/2017, 64

10, 29.0705093970 , 158.8978863526, North Pacific, 22/02/2017, 70

11, 17.0774556310 , 145.5079476934, North Pacific, 14/06/2017, 183

12, 27.4140575470 , 147.0407509138, North Pacific, 20/06/2017, 62

13, 77.3543079371 , -158.2348840256, Arctic, 26/02/2017, 68

14, 22.5566496386 , -44.5756538234, North Atlantic, 17/03/2017, 183

15, 39.3753135900 , -32.3096556041, North Atlantic, 15/04/2017, 83

16, 30.4185108190 , -43.4784752845, North Atlantic, 31/01/2017, 152

17, 31.1550849635 , -34.2231216394, North Atlantic, 19/02/2017, 97

18, 19.2996821922 , -47.2367842809, North Atlantic, 18/02/2017, 181

19, 20.6895539959 , -39.7188338729, North Atlantic, 09/04/2017, 125

20, 37.6834667230 , -54.4337492736, North Atlantic, 16/02/2017, 4

21, 11.1449793033 , -46.8576794336, North Atlantic, 14/04/2017, 152

22, 35.3840822612 , -30.8893741159, North Atlantic, 21/04/2017, 69

23, 25.0808159518 , 148.2914757977, North Pacific, 09/03/2017, 82

24, 72.2903345564 , -157.9774316903, Arctic, 20/02/2017, 94

25, 73.7179267899 , -137.9185174256, Arctic, 16/01/2017, 64

26, 74.0976040485 , -146.3903217467, Arctic, 31/01/2017, 48

27, -50.8064258847 , 138.0310006058, Southern, 31/03/2017, 124

28, -50.2653275664 , 137.0145090795, Southern, 17/06/2017, 62

29, -59.7037440584 , 135.9876523474, Southern, 21/01/2017, 28

30, -56.7688991021 , 132.0018860940, Southern, 21/04/2017, 142

31, -57.6862709959 , -138.0797808376, South Pacific, 04/01/2017, 19

32, 12.7907501360 , -34.2854804007, North Atlantic, 06/04/2017, 147

33, 16.5882858665 , -32.3695068491, North Atlantic, 19/06/2017, 137

34, 30.0105660642 , -44.4650592629, North Atlantic, 17/01/2017, 193

35, 11.6698906113 , -59.1650036067, North Atlantic, 03/02/2017, 136

36, -38.3302041554 , 66.8737987833, Indian, 09/01/2017, 76

37, -19.0355335451 , 66.4577034518, Indian, 01/01/2017, 54

38, -7.0073953932 , 73.3306424009, Indian, 26/02/2017, 155

39, -19.7154804551 , 95.4059212261, Indian, 24/06/2017, 18

40, -31.5310895892 , 99.9599820375, Indian, 08/06/2017, 198

41, -19.6947354100 , 93.8308057347, Indian, 25/05/2017, 5

42, -23.9765254403 , 74.0230201809, Indian, 08/06/2017, 158

43, -15.6226555028 , 62.0456991168, Indian, 12/06/2017, 144

44, -47.5627689797 , -3.9802226629, South Atlantic, 01/01/2017, 51

45, -49.0469756159 , -6.3805906015, South Atlantic, 13/06/2017, 150

46, -21.4003517159 , -14.1961085560, South Atlantic, 06/03/2017, 55

47, -11.3801141835 , -29.4707846755, South Atlantic, 13/03/2017, 80

48, -27.6828751982 , -12.9063356309, South Atlantic, 09/05/2017, 56

49, -39.4587776202 , -99.2299335120, South Pacific, 26/02/2017, 174

50, -55.4607232220 , -119.1057643523, South Pacific, 15/05/2017, 183

51, -45.8453419226 , -143.4359816152, South Pacific, 26/04/2017, 174

52, -48.0724182995 , -123.4624863199, South Pacific, 06/06/2017, 97

53, -26.6343775190 , -146.9642792442, South Pacific, 29/01/2017, 153

54, 78.0861792108 , -149.1088583409, Arctic, 30/01/2017, 64

55, 79.7318862564 , -161.8839177824, Arctic, 11/01/2017, 72

56, 74.2581274259 , -146.2637918891, Arctic, 13/03/2017, 189

57, 74.9676542631 , -148.8730591810, Arctic, 29/03/2017, 7

58, 75.2042411953 , -165.8065531570, Arctic, 18/06/2017, 62

59, 76.9033071980 , -149.5796235369, Arctic, 20/03/2017, 68

60, -14.1458359939 , -126.6728217884, South Pacific, 15/01/2017, 87

61, -43.6540098692 , -94.7873842645, South Pacific, 12/06/2017, 184

62, -33.6948013882 , -122.2293572092, South Pacific, 04/06/2017, 86

63, -16.9941576370 , -143.4259965054, South Pacific, 09/04/2017, 84

64, -27.7858093836 , -141.9236753657, South Pacific, 02/04/2017, 185

65, -26.8112899488 , -102.5696301612, South Pacific, 25/02/2017, 199

66, -21.1589465808 , -126.0912505333, South Pacific, 29/05/2017, 198

67, -50.4421064725 , -95.9938606275, South Pacific, 21/05/2017, 150

68, -5.3828315299 , 78.1781919199, Indian, 14/05/2017, 171

69, -35.2453272768 , 64.6998086966, Indian, 09/02/2017, 143

70, -17.1347501162 , -16.3189483720, South Atlantic, 18/05/2017, 7

71, -43.2243815964 , -23.5890378354, South Atlantic, 01/05/2017, 177

72, -29.0168215050 , -104.0483938223, South Pacific, 09/02/2017, 126

73, -48.3154242245 , -128.8165463036, South Pacific, 20/06/2017, 114

74, -56.4459143097 , -138.4491621183, South Pacific, 15/01/2017, 189

75, -23.8414510590 , -146.7255569141, South Pacific, 13/06/2017, 87

76, 78.8573986361 , -138.5732065367, Arctic, 30/06/2017, 7

77, 77.3778376120 , -146.0265959501, Arctic, 14/02/2017, 91

78, 72.4561306836 , -155.8204420404, Arctic, 14/01/2017, 50

79, 74.2694866295 , -166.2421623414, Arctic, 15/03/2017, 79

80, 73.6748485536 , -136.6959169724, Arctic, 05/04/2017, 166

81, -42.4339946184 , -139.8419289616, South Pacific, 19/06/2017, 127

82, 79.0800491604 , -160.9746631565, Arctic, 19/01/2017, 111

83, 74.6814865222 , -151.0316056484, Arctic, 14/02/2017, 82

84, 74.4844977867 , -163.2956268421, Arctic, 14/03/2017, 146

85, 72.9563335371 , -161.2898770679, Arctic, 13/02/2017, 45

86, 78.6495484443 , -161.5908877326, Arctic, 03/05/2017, 82

87, 74.7578134103 , -154.5114338140, Arctic, 16/01/2017, 77

88, 74.4959483754 , -134.3334747312, Arctic, 19/02/2017, 136

89, 76.9296665736 , -136.9403831879, Arctic, 25/03/2017, 39

90, -40.5750121505 , -128.9824158135, South Pacific, 31/05/2017, 190

91, -20.2759517777 , -97.4704635737, South Pacific, 16/06/2017, 35

92, -39.1240671785 , -116.9602412483, South Pacific, 20/03/2017, 3

93, 1.5767685052 , 141.1940572277, North Pacific, 01/06/2017, 168

94, -56.7349918311 , -117.9836665969, South Pacific, 26/03/2017, 158

95, -32.5473851303 , -121.0394952032, South Pacific, 09/06/2017, 199

96, -33.9658152098 , -94.0024859477, South Pacific, 15/04/2017, 139

97, 79.6543661578 , -164.1435991014, Arctic, 01/06/2017, 62

98, 33.1069836873 , -36.4546556987, North Atlantic, 23/05/2017, 98

99, 38.3636099558 , -47.9787016511, North Atlantic, 30/06/2017, 67

100, 25.3861477624 , -32.7162977693, North Atlantic, 11/04/2017, 79

101, 39.4881975416 , -42.0717555341, North Atlantic, 22/06/2017, 200

102, 25.0945045404 , -46.3749265980, North Atlantic, 14/04/2017, 143

103, 3.1509858524 , 142.2645155817, North Pacific, 20/06/2017, 166

104, 76.1058141124 , -153.7116129248, Arctic, 31/03/2017, 24

105, 5.3425455118 , 141.1212298140, North Pacific, 11/02/2017, 104

106, 22.8096086964 , 142.5684761338, North Pacific, 29/04/2017, 129

107, 26.4900141333 , 170.8870773487, North Pacific, 08/01/2017, 161

108, 0.5848828613 , 166.0197733929, North Pacific, 11/05/2017, 158

109, 16.4659534518 , 164.3334208659, North Pacific, 07/03/2017, 49

110, -16.2275995529 , -126.0770623740, South Pacific, 28/01/2017, 119

111, -37.6626178658 , -118.5867613221, South Pacific, 13/02/2017, 117

112, -18.1118353680 , -149.4363470187, South Pacific, 24/06/2017, 42

113, -58.6850362032 , -149.3371459932, South Pacific, 13/03/2017, 26

114, 21.7359109743 , -54.6515205617, North Atlantic, 03/03/2017, 128

115, 34.2793468918 , -30.1035046438, North Atlantic, 29/04/2017, 184

116, -42.8771287728 , -6.0737101715, South Atlantic, 20/02/2017, 192

117, -27.0685331789 , -17.6647376468, South Atlantic, 26/05/2017, 124

118, -26.3216314168 , -8.7654393487, South Atlantic, 22/06/2017, 197

119, -44.1356544728 , -7.2440674027, South Atlantic, 29/06/2017, 54

120, -11.8068250091 , -29.3456299321, South Atlantic, 22/03/2017, 16

121, -23.0540789399 , -122.0465510860, South Pacific, 23/05/2017, 142

122, -27.1986249588 , -104.6632410934, South Pacific, 13/06/2017, 7

123, -51.6161833758 , -115.3221041361, South Pacific, 05/05/2017, 40

124, -5.9395663864 , 62.1395210187, Indian, 13/01/2017, 79

125, -39.3132565191 , 64.7022524684, Indian, 03/02/2017, 81

126, -24.2544932870 , 67.6833264379, Indian, 27/06/2017, 59

127, -39.5009428773 , 73.6809766915, Indian, 23/01/2017, 135

128, 74.7055925106 , -154.7985596325, Arctic, 15/04/2017, 9

129, 74.8958277679 , -156.5527199332, Arctic, 11/04/2017, 184

130, 78.0098689823 , -163.1505790880, Arctic, 10/06/2017, 126

131, 74.2183400142 , -165.8319471757, Arctic, 05/01/2017, 158

132, 73.8093665176 , -147.7888508969, Arctic, 16/02/2017, 110

133, 78.0482125422 , -152.5417958119, Arctic, 20/02/2017, 115

134, 76.5011440909 , -169.0389465536, Arctic, 04/03/2017, 88

135, 16.3165764447 , -48.4834187610, North Atlantic, 28/04/2017, 102

136, -50.1228779648 , -135.8225606316, South Pacific, 15/04/2017, 8

137, -41.3005746022 , -136.1371076136, South Pacific, 20/06/2017, 44

138, -10.1360212267 , -16.5499499354, South Atlantic, 23/02/2017, 58

139, -15.0930112810 , -25.3129974195, South Atlantic, 05/05/2017, 169

140, -24.3902966820 , -8.4047764742, South Atlantic, 06/01/2017, 47

141, -45.1446725405 , -2.3840714211, South Atlantic, 24/06/2017, 40

142, -44.9458418949 , -22.4710629729, South Atlantic, 11/02/2017, 68

143, -14.1498180265 , -91.5342181649, South Pacific, 31/05/2017, 149

144, -53.1548269667 , -120.3701226182, South Pacific, 08/05/2017, 175

145, -58.7428157584 , -136.2015873875, South Pacific, 02/01/2017, 99

146, -32.5957512961 , -109.9467870593, South Pacific, 19/01/2017, 158

147, -50.1896496025 , 135.8372363196, Southern, 03/04/2017, 192

148, 75.8827489819 , -153.9737721085, Arctic, 18/03/2017, 173

149, 74.6855707256 , -163.3342269963, Arctic, 09/04/2017, 83

150, 38.4051379554 , -42.5730119238, North Atlantic, 14/05/2017, 78

151, 14.4290846281 , -38.1232369310, North Atlantic, 23/02/2017, 123

152, 26.8831235808 , -59.7476004715, North Atlantic, 22/02/2017, 70

153, 24.5015183764 , -46.5483177344, North Atlantic, 05/03/2017, 71

154, 21.1411230784 , -35.6063900961, North Atlantic, 01/01/2017, 132

155, 77.5865738530 , -161.0262238006, Arctic, 13/05/2017, 19

156, 77.1157473312 , -155.1187195932, Arctic, 06/06/2017, 130

157, 73.3005119419 , -167.3460758279, Arctic, 11/01/2017, 115

158, -53.5313980996 , -104.5137178034, South Pacific, 25/02/2017, 189

159, 9.3932987467 , 144.4156516015, North Pacific, 11/06/2017, 77

160, 22.8451998499 , 164.5934048177, North Pacific, 29/06/2017, 160

161, 8.4161948964 , 158.5855693340, North Pacific, 11/06/2017, 165

162, 2.5889122033 , 153.4076308824, North Pacific, 30/04/2017, 91

163, -58.9710610914 , 139.8000809736, Southern, 25/06/2017, 177

164, -54.7258349483 , 133.6256132292, Southern, 22/04/2017, 77

165, -54.5060026341 , 130.1963619004, Southern, 13/01/2017, 77

166, -57.5295871718 , 138.5110727039, Southern, 10/04/2017, 23

167, -53.2207027279 , 133.1466591932, Southern, 31/03/2017, 4

168, -50.8575442530 , 139.5616206525, Southern, 19/04/2017, 62

169, -55.7608406319 , 136.6139722087, Southern, 05/04/2017, 120

170, -52.2825035138 , 132.8929060292, Southern, 19/05/2017, 113

171, -50.2736411524 , 139.3184679464, Southern, 04/03/2017, 89

172, -54.9119183956 , 136.5621012806, Southern, 28/04/2017, 183

173, 76.4812096304 , -167.8039634218, Arctic, 28/04/2017, 142

174, 79.8894558325 , -156.0157171199, Arctic, 02/01/2017, 164

175, 16.1613187874 , -53.9817702882, North Atlantic, 30/06/2017, 173

176, 24.1416561856 , -45.5186385780, North Atlantic, 12/06/2017, 151

177, 35.0613918971 , -43.5207629080, North Atlantic, 10/03/2017, 21

178, 29.5522673193 , -48.1020649514, North Atlantic, 25/01/2017, 156

179, 29.7435443614 , -38.4859400003, North Atlantic, 10/06/2017, 58

180, -27.6234558540 , -119.6549505320, South Pacific, 01/03/2017, 139

181, -29.7099352813 , -139.7213346370, South Pacific, 20/04/2017, 132

182, -52.3741292406 , -122.0832325854, South Pacific, 17/04/2017, 81

183, -20.4577717187 , -118.4241919352, South Pacific, 15/04/2017, 91

184, -40.6884256800 , -105.5882715041, South Pacific, 12/01/2017, 180

185, -44.1913977099 , -125.1155443094, South Pacific, 19/02/2017, 193

186, -30.2067395533 , -142.4333823903, South Pacific, 17/03/2017, 44

187, -26.5473494756 , -115.1580981189, South Pacific, 20/04/2017, 77

188, -10.5893043245 , -113.2679500632, South Pacific, 26/02/2017, 191

189, -47.5889110787 , -94.7961256117, South Pacific, 07/05/2017, 16

190, 19.2511142601 , -57.5448909670, North Atlantic, 16/03/2017, 162

191, 38.9764595400 , -48.6280554573, North Atlantic, 10/05/2017, 117

192, -16.3127852168 , 67.8388343229, Indian, 03/04/2017, 81

193, -37.5088291790 , 86.5587316577, Indian, 29/01/2017, 4

194, -10.9854982076 , 80.0289321970, Indian, 20/04/2017, 133

195, -25.6686337225 , 86.3695741195, Indian, 18/03/2017, 141

196, -30.3224556592 , 97.9876437774, Indian, 13/06/2017, 168

197, -28.9524439811 , -14.9704996473, South Atlantic, 23/06/2017, 167

198, -21.6255789677 , 2.1112120045, South Atlantic, 08/02/2017, 54

199, 77.6153161924 , -130.7467635911, Arctic, 03/03/2017, 28

200, -50.1979617077 , 138.5946923255, Southern, 01/06/2017, 158

201, -14.7899232827 , -21.9789487296, South Atlantic, 16/02/2017, 119

202, -33.1693768795 , -1.0269424999, South Atlantic, 23/03/2017, 101

203, 76.7307731568 , -146.4170699084, Arctic, 25/03/2017, 31

204, 73.3340101584 , -169.5841643026, Arctic, 02/01/2017, 62

205, 72.6502226184 , -164.6080468756, Arctic, 09/03/2017, 164

206, 78.8335547703 , -155.0499457610, Arctic, 02/05/2017, 148

207, 75.4269253367 , -142.1148698275, Arctic, 12/03/2017, 14

208, 75.8670338969 , -137.9953867979, Arctic, 24/06/2017, 160

209, 77.7421315153 , -160.6582360671, Arctic, 06/03/2017, 25

210, 75.2608009294 , -167.9327773852, Arctic, 22/02/2017, 136

211, -21.0022277250 , -3.0722076111, South Atlantic, 14/03/2017, 10

212, -35.3283276154 , 2.8545223050, South Atlantic, 16/04/2017, 140

213, -34.4427943157 , -26.3028768316, South Atlantic, 27/05/2017, 108

214, 1.0907737869 , 166.9732643440, North Pacific, 10/06/2017, 93

215, 8.5180227126 , 150.2791572643, North Pacific, 20/01/2017, 162

216, 17.3263228719 , 145.2588445136, North Pacific, 08/05/2017, 82

217, 29.5595548486 , 146.3952334767, North Pacific, 04/02/2017, 153

218, 32.4475809710 , -39.6447832369, North Atlantic, 27/02/2017, 5

219, -53.5591045504 , -104.5533418537, South Pacific, 20/04/2017, 59

220, -26.4620372078 , -133.5777597798, South Pacific, 18/01/2017, 24

221, -36.7467002742 , -97.9368968438, South Pacific, 30/04/2017, 61

222, -54.8502472345 , -136.8106533246, South Pacific, 15/05/2017, 1

223, -34.8445845092 , -105.4099255313, South Pacific, 07/05/2017, 113

224, 39.1909362791 , -55.4638127682, North Atlantic, 25/03/2017, 15

225, 19.5500949861 , -45.1541296696, North Atlantic, 02/06/2017, 85

226, 18.0582826995 , -37.5904404035, North Atlantic, 01/06/2017, 15

227, 31.7545471116 , -44.4971752793, North Atlantic, 17/03/2017, 126

228, -12.1804599008 , 81.9022344155, Indian, 04/03/2017, 68

229, -16.6312616955 , 97.0777251558, Indian, 18/02/2017, 130

230, -7.6543938427 , 89.6331860077, Indian, 02/02/2017, 120

231, -35.7106201843 , 96.5073239601, Indian, 07/01/2017, 127

232, -30.2216368822 , 95.3932660797, Indian, 24/04/2017, 189

233, -17.9241473381 , 87.8396236654, Indian, 01/04/2017, 198

234, -27.6151387732 , 62.2822469856, Indian, 08/05/2017, 154

235, -5.2807882895 , 61.5950614780, Indian, 24/05/2017, 167

236, -14.4829145980 , 86.5675403115, Indian, 04/04/2017, 172

237, -39.8291984153 , -10.6588873363, South Atlantic, 23/02/2017, 178

238, -31.8557793935 , -15.2290554416, South Atlantic, 17/02/2017, 98

239, -47.0852159509 , -22.4481956160, South Atlantic, 08/06/2017, 71

240, -40.0795528619 , 2.0991460640, South Atlantic, 13/02/2017, 68

241, -14.0564715322 , -7.1123607234, South Atlantic, 12/05/2017, 14

242, 77.9735104283 , -169.7710119746, Arctic, 26/03/2017, 188

243, 75.7828196566 , -161.5740882007, Arctic, 18/04/2017, 113

244, 74.8794626831 , -152.5068583444, Arctic, 10/03/2017, 16

245, 79.5220805218 , -140.7790923728, Arctic, 13/01/2017, 144

246, -30.1213199180 , -4.6019540655, South Atlantic, 18/06/2017, 6

247, -58.4352776168 , 138.6800761468, Southern, 26/03/2017, 142

248, -57.3983609525 , 136.2192560715, Southern, 26/06/2017, 179

249, -57.8155182757 , 138.9405783913, Southern, 12/01/2017, 133

250, -50.6666581382 , 133.8953984361, Southern, 18/04/2017, 43

251, -53.9241631021 , 134.1086101598, Southern, 24/04/2017, 52

252, 12.7222524084 , 150.9577363524, North Pacific, 22/06/2017, 169

253, 23.9098826022 , 147.3743486485, North Pacific, 19/04/2017, 140

254, 9.4647892422 , 168.9750751615, North Pacific, 04/03/2017, 95

255, -11.9921812704 , -122.1069194805, South Pacific, 07/03/2017, 36

256, 18.7855664216 , 150.5810695796, North Pacific, 30/04/2017, 95

257, 20.5806130267 , 144.8259603860, North Pacific, 03/02/2017, 16

258, 72.9966716100 , -162.4449364992, Arctic, 24/04/2017, 1

259, 79.6301872952 , -158.7801125780, Arctic, 06/03/2017, 155

260, -54.8261923645 , 130.1971929801, Southern, 18/05/2017, 76

261, -56.7909334306 , 137.5904589321, Southern, 21/05/2017, 116

262, -31.5842859454 , -113.4517930837, South Pacific, 20/06/2017, 93

263, -17.8365463567 , -93.7443302030, South Pacific, 27/01/2017, 86

264, -16.4394459158 , -14.8866403452, South Atlantic, 17/02/2017, 128

265, -18.8167699467 , 2.6186496008, South Atlantic, 22/04/2017, 102

266, -31.6698747229 , -7.3383156803, South Atlantic, 31/05/2017, 53

267, 26.9922961048 , 160.4733853510, North Pacific, 29/05/2017, 4

268, -19.6383287849 , -135.1967985859, South Pacific, 16/06/2017, 31

269, -20.2895039182 , -102.2039411367, South Pacific, 12/06/2017, 150

270, -17.3105851921 , -108.1515971935, South Pacific, 10/06/2017, 139

271, -42.2134413906 , -107.2063066611, South Pacific, 21/05/2017, 169

272, -30.8097779056 , -123.1007051901, South Pacific, 14/05/2017, 106

273, -37.8984860647 , -124.9132728367, South Pacific, 02/06/2017, 198

274, -29.4967936350 , -133.7287777587, South Pacific, 19/04/2017, 54

275, -9.3651278081 , 72.1839166117, Indian, 08/02/2017, 86

276, -36.0296565858 , 98.0967308945, Indian, 03/05/2017, 40

277, -26.1333960440 , 72.4926937430, Indian, 01/02/2017, 26

278, -18.5261019848 , 66.2919787347, Indian, 15/01/2017, 16

279, 26.2590334128 , 142.6905800275, North Pacific, 24/04/2017, 16

280, 7.6190163091 , 141.0634573554, North Pacific, 03/02/2017, 155

281, -56.6028065777 , 136.8450455120, Southern, 16/03/2017, 168

282, -56.3256682299 , 130.2997367877, Southern, 14/06/2017, 195

283, -51.7996819279 , 130.3244926409, Southern, 04/02/2017, 126

284, -59.2693366433 , 133.4322548860, Southern, 04/03/2017, 112

285, -50.2972326522 , 132.0896112463, Southern, 06/04/2017, 24

286, -58.4628902369 , 135.8571444293, Southern, 01/04/2017, 120

287, -50.6015495959 , 134.0481356830, Southern, 05/06/2017, 18

288, -23.9650938632 , -104.2292509574, South Pacific, 17/02/2017, 50

289, -47.1811470656 , -110.7347847804, South Pacific, 14/05/2017, 168

290, -40.4368233916 , -99.0882052244, South Pacific, 03/03/2017, 26

291, -15.9880758477 , -3.5932010755, South Atlantic, 18/05/2017, 118

292, -51.7695064851 , 136.0516228369, Southern, 19/06/2017, 71

293, 13.4222970360 , -54.6335139846, North Atlantic, 19/05/2017, 132

294, -35.6652413614 , -2.5177118264, South Atlantic, 24/03/2017, 114

295, -42.4156844394 , -28.8193867373, South Atlantic, 24/01/2017, 132

296, 15.4415813952 , 154.5075904762, North Pacific, 03/03/2017, 171

297, 15.7830788501 , 153.8322562020, North Pacific, 04/05/2017, 33

298, 18.6031172139 , 144.4467700410, North Pacific, 14/05/2017, 85

299, -57.9375918153 , 134.6078233535, Southern, 29/03/2017, 36

300, -51.6210377783 , 139.4204639548, Southern, 29/03/2017, 161

301, -56.1957111518 , 133.0577729238, Southern, 06/01/2017, 103

302, 11.0288040578 , -40.3076308036, North Atlantic, 25/02/2017, 175

303, 39.6810818416 , -34.5443288258, North Atlantic, 07/01/2017, 192

304, 18.7073036883 , -56.8925064322, North Atlantic, 06/04/2017, 172

305, 79.8987759128 , -164.3694345068, Arctic, 20/02/2017, 36

306, 75.7489505875 , -166.0815909300, Arctic, 26/03/2017, 38

307, 26.8508438519 , -50.4522181258, North Atlantic, 02/05/2017, 129

308, 11.5481275560 , -39.4412460408, North Atlantic, 03/04/2017, 169

309, 20.6808916343 , -50.7149260262, North Atlantic, 15/02/2017, 59

310, 3.3405214284 , 166.3056355558, North Pacific, 06/06/2017, 169

311, 12.7827699728 , 154.1245481298, North Pacific, 15/06/2017, 38

312, 24.1808400276 , 170.8415816146, North Pacific, 27/03/2017, 28

313, -17.3300003993 , 90.2576229862, Indian, 09/06/2017, 7

314, -14.4553392611 , 95.5308875421, Indian, 11/04/2017, 91

315, -20.7489999108 , 79.0493862792, Indian, 06/04/2017, 60

316, -28.2468619003 , 79.1211382761, Indian, 19/05/2017, 90

317, -17.4682980066 , -25.9055153261, South Atlantic, 23/03/2017, 172

318, -12.9666275359 , -21.5677468719, South Atlantic, 06/03/2017, 57

319, -20.2976742062 , -12.4441587005, South Atlantic, 04/01/2017, 44

320, -24.9201243440 , -5.5182122791, South Atlantic, 22/06/2017, 21

321, 72.8590343785 , -155.4877666316, Arctic, 03/06/2017, 94

322, 76.9033253663 , -155.7025663488, Arctic, 02/01/2017, 143

323, 74.4241834741 , -143.0235576690, Arctic, 23/05/2017, 92

324, 73.4968639805 , -134.8998956219, Arctic, 08/06/2017, 145

325, 72.9079928030 , -143.0241156989, Arctic, 30/04/2017, 67

326, 77.9768476104 , -146.7534422207, Arctic, 07/06/2017, 107

327, -13.0231874078 , -15.7559275980, South Atlantic, 10/03/2017, 159

328, -47.2385001170 , -4.9560337444, South Atlantic, 03/03/2017, 146

329, -44.1950764294 , -24.7994703310, South Atlantic, 15/03/2017, 81

330, -50.1717069513 , 131.5352099536, Southern, 10/05/2017, 23

331, 16.3526011335 , 152.5174730236, North Pacific, 28/04/2017, 104

332, -40.6452144779 , -93.4172598475, South Pacific, 17/02/2017, 79

333, -42.6015758247 , -124.7866945038, South Pacific, 18/04/2017, 30

334, -57.9690237660 , -137.0371229327, South Pacific, 11/03/2017, 58

335, -48.9572251071 , -145.1508708369, South Pacific, 03/03/2017, 182

336, -49.9619306391 , -135.6655660764, South Pacific, 24/05/2017, 122

337, -56.8801422263 , -112.6550540992, South Pacific, 21/01/2017, 101

338, 25.0711572613 , 173.9381538466, North Pacific, 25/01/2017, 97

339, 17.1203485816 , 168.2563628202, North Pacific, 02/02/2017, 1

340, 5.6202494472 , 148.7192479306, North Pacific, 25/01/2017, 10

341, -57.2696341981 , 137.3621897899, Southern, 06/02/2017, 22

342, -18.0512576541 , -139.9947380135, South Pacific, 24/03/2017, 55

343, -30.2257059842 , -138.0102185290, South Pacific, 16/06/2017, 33

344, -52.7479012137 , -132.7669252282, South Pacific, 06/05/2017, 9

345, -22.7774252383 , -109.6286374515, South Pacific, 03/01/2017, 179

346, 8.9129413194 , 149.1812034832, North Pacific, 10/01/2017, 168

347, 1.3325538912 , 166.4199121187, North Pacific, 04/05/2017, 185

348, 25.5456970192 , 172.2468345087, North Pacific, 25/03/2017, 12

349, 3.3234547420 , 167.4098843650, North Pacific, 09/03/2017, 149

350, 15.8087568804 , 169.6695247966, North Pacific, 09/03/2017, 43

351, 1.4103995596 , 161.8248040540, North Pacific, 09/02/2017, 63

352, -27.2153681830 , -149.7253888192, South Pacific, 04/05/2017, 158

353, -49.4910717334 , -96.5561700177, South Pacific, 28/01/2017, 73

354, -35.5043662272 , -128.7450058380, South Pacific, 15/04/2017, 24

355, -43.0661884430 , -131.0077656158, South Pacific, 16/05/2017, 197

356, -48.1956894361 , -124.2530316926, South Pacific, 08/04/2017, 79

357, -49.1878577365 , -147.1639637543, South Pacific, 26/06/2017, 149

358, -16.2225579034 , 87.8633784260, Indian, 25/02/2017, 74

359, -9.0992546683 , 77.8030415707, Indian, 19/06/2017, 140

360, -11.8272122749 , 96.0030399431, Indian, 16/01/2017, 22

361, -34.3378531767 , 78.6371621576, Indian, 04/03/2017, 178

362, -28.8760523539 , -107.8167743598, South Pacific, 19/04/2017, 149

363, -11.5946667882 , -134.2182711811, South Pacific, 01/03/2017, 44

364, 26.1087403754 , -36.2929108535, North Atlantic, 05/04/2017, 123

365, 17.2014164818 , -49.9030585726, North Atlantic, 20/02/2017, 135

366, 34.1508801021 , -36.7659585209, North Atlantic, 08/02/2017, 52

367, 34.3620162897 , -47.5980502728, North Atlantic, 04/01/2017, 159

368, 12.1472542044 , -52.6523259434, North Atlantic, 25/01/2017, 116

369, 6.2460686575 , 162.4355265323, North Pacific, 22/06/2017, 168

370, 20.5318264293 , -47.9419194292, North Atlantic, 25/03/2017, 1

371, 27.9166802195 , -50.0557894772, North Atlantic, 23/01/2017, 149

372, 22.8270148406 , -39.6192001317, North Atlantic, 31/03/2017, 14

373, 74.9413702241 , -153.1489441652, Arctic, 24/04/2017, 55

374, 76.7841121204 , -136.7500211516, Arctic, 26/01/2017, 162

375, 74.0996013331 , -148.4290246565, Arctic, 19/06/2017, 72

376, 76.3822715377 , -165.8818314950, Arctic, 01/05/2017, 200

377, 74.2032170120 , -141.0972882673, Arctic, 06/04/2017, 196

378, 22.1670112210 , 164.1215407914, North Pacific, 10/04/2017, 13

379, 25.1225698577 , 171.9470872879, North Pacific, 13/04/2017, 24

380, 4.3685194963 , 173.6002693901, North Pacific, 10/05/2017, 165

381, -54.7800006833 , 137.2195829485, Southern, 04/03/2017, 158

382, -57.1753433892 , 132.9692712347, Southern, 20/05/2017, 27

383, -52.6842230711 , 133.0924962522, Southern, 24/01/2017, 39

384, -55.2608351853 , 133.3918001751, Southern, 10/04/2017, 78

385, -58.5112024138 , 139.5216060567, Southern, 29/01/2017, 49

386, -46.2449485046 , -145.3218832031, South Pacific, 31/01/2017, 140

387, -18.4596174343 , -93.7300261500, South Pacific, 23/05/2017, 128

388, -38.0539175626 , -146.8971875575, South Pacific, 07/06/2017, 83

389, -47.7278917179 , -149.8961581103, South Pacific, 29/03/2017, 170

390, -35.3614778749 , -135.0708397315, South Pacific, 12/03/2017, 137

391, -33.4035565394 , -143.0214964473, South Pacific, 07/06/2017, 161

392, -17.9844181463 , -97.0762330513, South Pacific, 05/01/2017, 102

393, 14.7604674123 , 141.4103500901, North Pacific, 04/01/2017, 64

394, 26.8081553871 , 152.8322908458, North Pacific, 14/06/2017, 88

395, -46.0647620336 , -138.2298680899, South Pacific, 24/04/2017, 11

396, 25.1524573635 , 173.8475562068, North Pacific, 29/05/2017, 77

397, 17.4983245123 , 157.2400372276, North Pacific, 09/04/2017, 147

398, 23.6794683447 , 150.1871765965, North Pacific, 13/01/2017, 184

399, 1.6738652399 , 174.7443885308, North Pacific, 08/02/2017, 7

400, 20.8966889097 , 149.1063774280, North Pacific, 25/05/2017, 149

401, 0.7945633637 , 141.6705564953, North Pacific, 15/06/2017, 22

402, 15.6726754390 , 172.6399128780, North Pacific, 09/04/2017, 26

403, 27.0704935477 , 154.1488610670, North Pacific, 28/01/2017, 58

404, 1.5138260003 , 163.1628421592, North Pacific, 30/04/2017, 160

405, 77.9611339113 , -130.8773365993, Arctic, 10/05/2017, 188

406, 77.0189712071 , -145.4209776853, Arctic, 15/05/2017, 73

407, 73.3014367341 , -149.9939507712, Arctic, 11/04/2017, 152

408, 79.8836003541 , -147.2855982824, Arctic, 20/01/2017, 148

409, 23.4522253384 , 173.8934502024, North Pacific, 22/02/2017, 14

410, 7.5784700259 , 148.0049934415, North Pacific, 06/03/2017, 23

411, 72.2538257950 , -138.4316359686, Arctic, 15/06/2017, 198

412, 73.0073088636 , -139.4008065245, Arctic, 15/04/2017, 115

413, 72.9554690909 , -140.4432680320, Arctic, 23/03/2017, 122

414, 14.9008729518 , 171.3291492622, North Pacific, 19/01/2017, 61

415, 1.5074936121 , 153.9528671205, North Pacific, 16/02/2017, 106

416, -29.6656240708 , -104.7743855765, South Pacific, 18/03/2017, 94

417, -17.3139273828 , -128.7401859643, South Pacific, 14/03/2017, 126

418, -33.7994496263 , 70.6361998295, Indian, 09/04/2017, 156

419, 16.8526050573 , 174.6259005925, North Pacific, 13/01/2017, 19

420, 3.8302034716 , 167.0650144094, North Pacific, 18/02/2017, 109

421, 17.0794816488 , 157.2918601461, North Pacific, 21/02/2017, 150

422, 22.7728829825 , 167.5384968904, North Pacific, 21/06/2017, 41

423, 8.7818504212 , 156.8559013735, North Pacific, 17/04/2017, 59

424, -33.5253688058 , -145.0207731943, South Pacific, 06/03/2017, 166

425, -47.1190041244 , -147.6897759911, South Pacific, 27/01/2017, 18

426, -34.1707527657 , -121.1991251126, South Pacific, 19/03/2017, 144

427, -31.6937636126 , -133.0667096670, South Pacific, 03/05/2017, 151

428, -46.5118482320 , -129.6665046176, South Pacific, 10/01/2017, 61

429, -22.5269119220 , -101.8451031725, South Pacific, 09/06/2017, 104

430, -18.3346579961 , -136.0583277261, South Pacific, 28/03/2017, 83

431, -46.1655406589 , -137.5513158401, South Pacific, 04/03/2017, 51

432, 25.4941042678 , 152.8741012760, North Pacific, 14/05/2017, 70

433, 74.0038358243 , -148.7218364229, Arctic, 19/01/2017, 122

434, 78.8313684197 , -144.5704365403, Arctic, 02/05/2017, 192

435, -49.1318709585 , -18.8986920327, South Atlantic, 05/01/2017, 194

436, -36.5586154287 , -9.8161016334, South Atlantic, 06/02/2017, 118

437, -18.0403343067 , -22.4062324559, South Atlantic, 03/04/2017, 41

438, -12.6417303284 , -24.5611823069, South Atlantic, 26/02/2017, 92

439, 23.3082811410 , 158.2103653197, North Pacific, 19/01/2017, 26

440, 21.3388790755 , 158.5982810397, North Pacific, 30/05/2017, 182

441, -11.5994357418 , -149.6416384073, South Pacific, 17/05/2017, 155

442, 78.8442877377 , -169.7212982176, Arctic, 16/02/2017, 197

443, 75.5153971368 , -134.1987659429, Arctic, 31/05/2017, 14

444, 74.6550328520 , -143.8574972813, Arctic, 28/01/2017, 35

445, 77.0485244268 , -132.6991729823, Arctic, 18/01/2017, 58

446, 76.9465719596 , -133.8741307165, Arctic, 06/04/2017, 28

447, 77.7779933465 , -135.8811330264, Arctic, 24/04/2017, 42

448, 75.1355781421 , -161.9989672452, Arctic, 10/05/2017, 189

449, 73.6752953351 , -143.2984164792, Arctic, 17/02/2017, 85

450, -59.4114052502 , -127.3758468485, South Pacific, 23/04/2017, 153

451, -54.9424795084 , -120.7311946949, South Pacific, 18/01/2017, 82

452, -54.2420037902 , -101.1757301405, South Pacific, 28/06/2017, 180

453, -30.5070062636 , -123.3948753743, South Pacific, 22/05/2017, 19

454, -26.6912445643 , -139.2131988561, South Pacific, 13/01/2017, 192

455, -52.6051546785 , -90.5265385567, South Pacific, 25/03/2017, 119

456, -42.7676972294 , -112.4378195323, South Pacific, 17/05/2017, 97

457, -21.5855538387 , 73.8936811378, Indian, 10/01/2017, 189

458, -39.8939285264 , 64.5012503138, Indian, 07/04/2017, 155

459, -5.9730894379 , 82.5487510220, Indian, 06/04/2017, 115

460, -52.1812518557 , 134.3713738045, Southern, 16/01/2017, 123

461, 15.7328673525 , 157.6329059050, North Pacific, 15/05/2017, 111

462, 26.4071981639 , 173.0185503247, North Pacific, 04/04/2017, 135

463, 3.1277063457 , 158.5249407722, North Pacific, 15/01/2017, 162

464, 10.6948152467 , 144.5174161436, North Pacific, 10/05/2017, 150

465, -16.0011924738 , -99.1275671446, South Pacific, 18/02/2017, 148

466, -57.3714590759 , -102.1446419378, South Pacific, 21/04/2017, 168

467, -52.8400514148 , 136.1390493792, Southern, 27/03/2017, 179

468, -58.7646533729 , 138.7665853038, Southern, 23/02/2017, 182

469, -58.9975801758 , 138.6780288949, Southern, 10/02/2017, 109

470, -50.0628034119 , 131.2709798809, Southern, 09/02/2017, 79

471, -21.3800229674 , 76.0855592117, Indian, 24/04/2017, 22

472, -29.3266487258 , 94.2933932106, Indian, 16/02/2017, 1

473, -10.2376695397 , 64.2210768555, Indian, 19/01/2017, 124

474, -29.6252781384 , 79.5204585509, Indian, 07/02/2017, 158

475, -53.6252616270 , 135.1727092570, Southern, 24/03/2017, 56

476, -52.1490557036 , 133.9673458291, Southern, 06/01/2017, 34

477, -14.4880607652 , -93.7194463442, South Pacific, 28/04/2017, 103

478, -32.7587480437 , -105.2659817949, South Pacific, 03/05/2017, 126

479, 75.3883384333 , -155.3868082284, Arctic, 27/04/2017, 67

480, 73.7499619544 , -133.6228227446, Arctic, 16/04/2017, 128

481, 76.8888905965 , -134.3360519429, Arctic, 06/05/2017, 125

482, 75.5269921550 , -169.3267880563, Arctic, 17/02/2017, 101

483, 79.5491887403 , -153.1745739948, Arctic, 07/04/2017, 111

484, 78.5836408132 , -132.0260958756, Arctic, 02/05/2017, 10

485, 72.2342279219 , -148.4172476169, Arctic, 27/01/2017, 92

486, 76.5011139496 , -140.7151076806, Arctic, 06/02/2017, 63

487, 78.5491262258 , -142.7779620573, Arctic, 08/06/2017, 194

488, 23.8514023851 , 170.3331082875, North Pacific, 11/06/2017, 88

489, -44.0325845564 , -103.1400457458, South Pacific, 11/01/2017, 90

490, -48.7823380478 , -128.8627972542, South Pacific, 22/03/2017, 5

491, -23.4052973070 , -112.7722627776, South Pacific, 17/04/2017, 168

492, -45.6301680373 , -127.4358667235, South Pacific, 06/05/2017, 18

493, -24.5151449901 , -90.1148934849, South Pacific, 02/01/2017, 78

494, -26.8755773161 , -25.2827062413, South Atlantic, 21/02/2017, 186

495, -46.8101913653 , -16.4138977795, South Atlantic, 23/02/2017, 75

496, -54.3019954228 , -100.7324603157, South Pacific, 27/06/2017, 9

497, 3.6235023027 , 142.8923246604, North Pacific, 16/02/2017, 22

498, 18.4786154835 , 167.5107746746, North Pacific, 09/06/2017, 30

499, -31.7649488695 , 81.6180058483, Indian, 14/06/2017, 38

500, 27.3240266588 , 156.5251322144, North Pacific, 18/03/2017, 181

501, 28.0406474313 , 165.4346882228, North Pacific, 26/01/2017, 105

502, 13.5027848154 , 162.5925904850, North Pacific, 29/05/2017, 91

503, 11.1550112493 , 146.5772510956, North Pacific, 29/03/2017, 28

504, -21.8506105672 , -126.8107751463, South Pacific, 18/03/2017, 72

505, -55.6028517781 , -114.7204999089, South Pacific, 12/05/2017, 43

506, -49.4481501493 , -131.6898045697, South Pacific, 24/06/2017, 195

507, -17.8957269005 , -144.0804958782, South Pacific, 17/03/2017, 17

508, -27.3857922048 , 84.8909101192, Indian, 14/03/2017, 183

509, -9.0809412413 , 75.3286769126, Indian, 08/01/2017, 133

510, -34.6289902179 , 66.6127012701, Indian, 11/01/2017, 168

511, -10.3990214366 , 66.8583879838, Indian, 14/03/2017, 66

512, -34.2495918596 , 69.1754967576, Indian, 13/03/2017, 95

513, -32.7597899142 , -115.4426325510, South Pacific, 13/01/2017, 86

514, -24.5445142940 , -145.9101783093, South Pacific, 21/03/2017, 64

515, 24.9353632261 , -45.9005519216, North Atlantic, 28/01/2017, 168

516, 21.0154407290 , -45.7555372295, North Atlantic, 22/01/2017, 73

517, 20.8940362795 , -30.4657582894, North Atlantic, 18/05/2017, 48

518, 30.6860402975 , -38.0343406312, North Atlantic, 30/01/2017, 169

519, -42.8537077563 , -105.5498067548, South Pacific, 09/02/2017, 150

520, 14.9680660316 , 172.2843984898, North Pacific, 01/05/2017, 102

521, 5.7302937078 , 172.9388946891, North Pacific, 20/06/2017, 49

522, 16.9252148722 , 170.5524176432, North Pacific, 06/05/2017, 12

523, 0.1618671371 , 154.4332833376, North Pacific, 10/02/2017, 8

524, 3.5447488183 , 156.6178054067, North Pacific, 22/02/2017, 47

525, 2.4049258802 , 162.6540571138, North Pacific, 22/04/2017, 157

526, 75.1574540786 , -155.5195057325, Arctic, 21/05/2017, 130

527, 79.1193586174 , -168.4192753203, Arctic, 02/03/2017, 69

528, 77.5735971767 , -157.5679581182, Arctic, 04/06/2017, 40

529, 76.8991343961 , -145.8172378390, Arctic, 13/04/2017, 137

530, 74.7454660361 , -164.9246148741, Arctic, 03/06/2017, 151

531, 8.8516054437 , 141.8262215619, North Pacific, 05/02/2017, 146

532, 6.3498642092 , 165.4751145004, North Pacific, 25/06/2017, 108

533, -34.1741714436 , 81.6322795216, Indian, 28/06/2017, 94

534, 19.5418716080 , 146.7596387964, North Pacific, 26/01/2017, 168

535, 75.5168314481 , -150.1016230975, Arctic, 10/03/2017, 66

536, -44.5408048642 , -98.8357468270, South Pacific, 13/03/2017, 43

537, -37.5470364269 , -109.0912266165, South Pacific, 16/03/2017, 158

538, 74.6839940821 , -151.9073539888, Arctic, 11/02/2017, 103

539, 76.3359036391 , -141.2023278192, Arctic, 19/05/2017, 113

540, 79.1053338680 , -163.3785143278, Arctic, 21/05/2017, 164

541, 72.2476242260 , -167.8226682906, Arctic, 13/04/2017, 53

542, -39.3558043937 , -10.5331689215, South Atlantic, 13/06/2017, 106

543, -12.9242348172 , -147.7161004197, South Pacific, 07/04/2017, 97

544, -26.8236182848 , -147.3269990354, South Pacific, 22/01/2017, 19

545, 78.9901032927 , -156.9036253481, Arctic, 16/04/2017, 170

546, 73.0545482566 , -165.3083806649, Arctic, 02/01/2017, 69

547, 78.2863891005 , -164.3162158291, Arctic, 02/02/2017, 163

548, 76.7479883641 , -156.4277901065, Arctic, 30/06/2017, 25

549, -53.9385974705 , 135.0023826561, Southern, 23/03/2017, 41

550, -52.0739506195 , 138.0529963356, Southern, 08/02/2017, 18

551, -57.9197036698 , 137.1723074918, Southern, 28/05/2017, 10

552, 19.2175102603 , -37.7580414888, North Atlantic, 05/05/2017, 194

553, 23.8881707629 , 155.1020813548, North Pacific, 18/01/2017, 140

554, 26.6024311197 , -34.0764402617, North Atlantic, 11/02/2017, 199

555, 11.1470235936 , -45.9065854530, North Atlantic, 09/03/2017, 14

556, 14.5332137516 , -56.4310896194, North Atlantic, 05/04/2017, 61

557, -50.6760854836 , -118.6738345999, South Pacific, 04/05/2017, 4

558, -13.4004286879 , -92.1287399354, South Pacific, 30/01/2017, 50

559, -54.9972567591 , -90.4455261773, South Pacific, 09/04/2017, 145

560, -33.6612755357 , -21.7492121303, South Atlantic, 26/04/2017, 133

561, -30.7516694538 , -16.0798601415, South Atlantic, 16/01/2017, 81

562, 74.6225760293 , -146.2212357187, Arctic, 26/05/2017, 28

563, 79.2510464821 , -144.3095390565, Arctic, 15/01/2017, 83

564, 73.8149231867 , -159.1062468798, Arctic, 29/06/2017, 95

565, 73.4756355293 , -151.1714188853, Arctic, 29/05/2017, 172

566, 72.4368506076 , -132.2260642248, Arctic, 01/02/2017, 139

567, 72.2421441489 , -150.6380457900, Arctic, 15/05/2017, 21

568, 77.8622003635 , -135.9067651098, Arctic, 15/02/2017, 106

569, 12.8981437175 , -37.5068908359, North Atlantic, 07/03/2017, 162

570, 17.2161375066 , -54.5142041168, North Atlantic, 08/05/2017, 200

571, 24.9613489420 , -55.8854037085, North Atlantic, 16/06/2017, 23

572, 33.6005290894 , -46.2659717054, North Atlantic, 03/01/2017, 156

573, -9.4049535479 , 86.7955648093, Indian, 22/04/2017, 49

574, -36.2827502360 , 89.4253758292, Indian, 31/05/2017, 7

575, -24.8354953806 , 96.0768272151, Indian, 15/03/2017, 83

576, -19.3862730495 , 95.5891908498, Indian, 18/03/2017, 129

577, -14.8707466921 , 70.3119862873, Indian, 28/01/2017, 77

578, -16.4683095652 , 64.8309279628, Indian, 09/05/2017, 96

579, -23.8662947779 , 95.0874091476, Indian, 16/02/2017, 121

580, -6.7953643328 , 92.2449782082, Indian, 10/04/2017, 58

581, -15.7673755338 , 94.4229620297, Indian, 16/02/2017, 61

582, 78.8645684863 , -133.0414421684, Arctic, 06/02/2017, 46

583, 76.0228947569 , -158.6518322065, Arctic, 15/02/2017, 195

584, 76.6542958453 , -139.1630457384, Arctic, 17/06/2017, 139

585, 78.9909769106 , -146.4392018395, Arctic, 25/05/2017, 4

586, 75.4854413101 , -143.5306226153, Arctic, 24/03/2017, 27

587, 75.5372574495 , -154.7665128600, Arctic, 20/02/2017, 197

588, 73.5629969135 , -136.8859714115, Arctic, 09/01/2017, 78

589, -21.8025836380 , 96.1614519340, Indian, 20/01/2017, 44

590, 76.7039256788 , -153.1348045464, Arctic, 14/06/2017, 200

591, 78.3891494751 , -151.1246077628, Arctic, 27/06/2017, 105

592, 79.3931472522 , -165.6292547824, Arctic, 19/02/2017, 34

593, 72.2283256129 , -134.2481714134, Arctic, 21/02/2017, 65

594, -23.8131503080 , -119.3292418166, South Pacific, 14/02/2017, 21

595, -58.5481854521 , -103.4424477413, South Pacific, 16/06/2017, 77

596, 1.5434449360 , 170.1015082072, North Pacific, 18/06/2017, 180

597, 5.6158334555 , 173.2357377923, North Pacific, 18/02/2017, 1

598, 7.9328002864 , 174.5045017402, North Pacific, 18/04/2017, 146

599, 24.9367148499 , -41.2606101116, North Atlantic, 05/06/2017, 93

600, 32.2986158041 , -46.9251257865, North Atlantic, 08/02/2017, 167

601, 29.9424969917 , -52.9170380546, North Atlantic, 23/03/2017, 160

602, 22.0066651525 , -57.9434028258, North Atlantic, 08/04/2017, 52

603, 31.2756493228 , -34.4614148859, North Atlantic, 22/01/2017, 128

604, -38.9779949696 , -9.8129549668, South Atlantic, 06/03/2017, 72

605, -31.4487255837 , -5.4618286018, South Atlantic, 04/01/2017, 10

606, 25.5921210049 , -43.7175126903, North Atlantic, 06/05/2017, 19

607, 38.8583565545 , -48.7129470374, North Atlantic, 30/05/2017, 193

608, 15.5260322315 , -58.5684066166, North Atlantic, 19/06/2017, 54

609, 13.9868422709 , -41.7867554174, North Atlantic, 06/05/2017, 30

610, 33.2050490906 , -37.7383265680, North Atlantic, 31/05/2017, 97

611, 2.6033334912 , 147.0608211016, North Pacific, 12/06/2017, 6

612, 22.1538135513 , 158.4132040960, North Pacific, 04/05/2017, 22

613, 29.8763615218 , 142.2897871431, North Pacific, 22/06/2017, 36

614, 0.9881925774 , 174.2579382841, North Pacific, 02/02/2017, 182

615, 26.9626356647 , 145.5186654024, North Pacific, 21/06/2017, 127

616, -28.5533471981 , 63.2927640915, Indian, 07/05/2017, 150

617, -29.2435493899 , 86.7341043180, Indian, 08/02/2017, 200

618, -27.7776149161 , 77.1652782788, Indian, 05/06/2017, 15

619, -31.2016799400 , 83.6624529137, Indian, 18/05/2017, 154

620, -36.7777628763 , 78.6844276351, Indian, 12/05/2017, 25

621, 7.6385766955 , 148.1360625374, North Pacific, 22/01/2017, 35

622, 19.3274254908 , 162.8365261424, North Pacific, 19/06/2017, 175

623, -13.7561929802 , -15.4821810524, South Atlantic, 17/01/2017, 133

624, -33.6011191940 , -20.3431657610, South Atlantic, 22/01/2017, 112

625, -35.0553112407 , -19.7674664481, South Atlantic, 28/06/2017, 119

626, -12.4081904452 , 1.1004678375, South Atlantic, 15/05/2017, 104

627, -42.4672516773 , -16.1129069939, South Atlantic, 28/03/2017, 50

628, -13.5143562376 , -124.1275946396, South Pacific, 18/04/2017, 63

629, -36.4467198059 , -93.8748015947, South Pacific, 28/06/2017, 15

630, -14.3893993853 , -103.2864519736, South Pacific, 21/03/2017, 38

631, -58.2784522456 , -106.3164278289, South Pacific, 07/04/2017, 106

632, -40.6186382336 , -114.8949011624, South Pacific, 31/03/2017, 171

633, -13.8292880933 , -28.4431019604, South Atlantic, 25/05/2017, 184

634, -35.8674202235 , -5.3247013061, South Atlantic, 30/03/2017, 168

635, -24.8482045973 , -27.0886510690, South Atlantic, 26/05/2017, 50

636, -19.8469401383 , -0.7305873957, South Atlantic, 20/06/2017, 13

637, -14.7947590820 , -16.1764763115, South Atlantic, 16/04/2017, 89

638, -31.0749255824 , -106.3947312890, South Pacific, 29/05/2017, 136

639, -52.3586963640 , -93.0114336046, South Pacific, 11/06/2017, 179

640, -36.1330072657 , -140.1074515610, South Pacific, 13/04/2017, 189

641, 78.9236042569 , -142.6986653789, Arctic, 04/01/2017, 119

642, 76.0805166867 , -161.7374178729, Arctic, 03/06/2017, 42

643, 77.0066450783 , -164.9349728389, Arctic, 04/05/2017, 96

644, 30.9943178394 , -56.0060662618, North Atlantic, 25/06/2017, 21

645, 29.9658389995 , -48.5743449622, North Atlantic, 02/01/2017, 111

646, 21.3010531996 , -31.8005682676, North Atlantic, 16/06/2017, 38

647, 18.9882385260 , -41.9127089353, North Atlantic, 24/03/2017, 128

648, 16.6685467384 , -51.2186667701, North Atlantic, 06/02/2017, 193

649, -44.5294724845 , -110.2689471283, South Pacific, 16/04/2017, 198

650, -10.2649743577 , -132.1863714802, South Pacific, 16/06/2017, 3

651, -38.5914446360 , -108.4042783260, South Pacific, 22/01/2017, 89

652, -17.0196958757 , -90.4303940760, South Pacific, 13/05/2017, 149

653, -57.3767023056 , -135.0024451897, South Pacific, 07/01/2017, 114

654, 75.8440065365 , -131.0974431974, Arctic, 12/01/2017, 115

655, 74.2366118702 , -132.1856188784, Arctic, 07/04/2017, 185

656, 73.8345380807 , -165.2052495420, Arctic, 06/01/2017, 118

657, 72.1345046424 , -138.7913653482, Arctic, 04/06/2017, 146

658, 76.9895617724 , -167.4925763335, Arctic, 08/03/2017, 182

659, 78.9073188263 , -165.6764752211, Arctic, 21/05/2017, 43

660, 77.2304351317 , -148.7939724041, Arctic, 09/02/2017, 191

661, 77.4725422475 , -140.5843356301, Arctic, 01/01/2017, 197

662, 78.8089981558 , -138.2935677880, Arctic, 16/02/2017, 145

663, 78.6464800083 , -153.7378010451, Arctic, 14/02/2017, 94

664, 79.8805400803 , -130.5297463576, Arctic, 25/04/2017, 97

665, 77.4734805326 , -146.8886929084, Arctic, 20/01/2017, 124

666, 79.5423036849 , -148.1928869980, Arctic, 15/03/2017, 119

667, 74.7136692045 , -148.3656166207, Arctic, 30/04/2017, 190

668, 79.2326103483 , -167.1269789511, Arctic, 27/02/2017, 68

669, -13.1160244896 , 73.3982093508, Indian, 20/01/2017, 57

670, -52.4294446839 , 137.7912010754, Southern, 09/02/2017, 165

671, -51.2364367401 , 132.5981922786, Southern, 21/02/2017, 29

672, -54.9041870632 , 130.6491764684, Southern, 17/06/2017, 45

673, -59.7218160377 , 135.5315525902, Southern, 10/04/2017, 143

674, 73.7072216467 , -142.0391267222, Arctic, 17/04/2017, 44

675, 78.0557625918 , -136.4288650483, Arctic, 22/05/2017, 158

676, 76.7197823099 , -168.7629349710, Arctic, 08/03/2017, 108

677, 78.1179485052 , -153.6846211477, Arctic, 19/02/2017, 50

678, -13.7899378425 , 81.0953969048, Indian, 23/03/2017, 148

679, -29.0114664934 , 65.1063871221, Indian, 17/04/2017, 186

680, -10.6756515152 , 72.2208150719, Indian, 07/02/2017, 100

681, -31.6290835392 , 87.7322576697, Indian, 23/03/2017, 55

682, -23.1677938640 , 63.0592756919, Indian, 12/03/2017, 192

683, 1.9394762544 , 154.2507744437, North Pacific, 17/01/2017, 46

684, 2.7066049365 , 170.8556661945, North Pacific, 30/03/2017, 159

685, 10.1452108520 , 153.1050202894, North Pacific, 21/05/2017, 158

686, 79.4259831605 , -151.2883491354, Arctic, 29/03/2017, 157

687, 79.5716960018 , -133.6512240226, Arctic, 10/04/2017, 177

688, 74.7923724068 , -168.9396720747, Arctic, 17/02/2017, 75

689, 77.5947177548 , -161.4945551713, Arctic, 01/06/2017, 104

690, 73.7829023869 , -150.8924322673, Arctic, 20/01/2017, 5

691, 79.8779947496 , -166.4532257227, Arctic, 25/06/2017, 102

692, 5.7642818921 , 144.8029712168, North Pacific, 10/04/2017, 188

693, 8.5621387365 , 171.2304746528, North Pacific, 30/04/2017, 3

694, -51.7072214148 , -90.1666943171, South Pacific, 07/05/2017, 68

695, -28.7434858497 , -126.5900058190, South Pacific, 01/01/2017, 74

696, -31.9421659698 , -92.3565524082, South Pacific, 20/03/2017, 123

697, -16.0394487838 , -90.5875054191, South Pacific, 22/02/2017, 187

698, -31.2906985876 , -121.8136268816, South Pacific, 17/01/2017, 170

699, 78.9215877163 , -143.6579688702, Arctic, 07/06/2017, 196

700, -59.8053225734 , 133.0290833502, Southern, 25/01/2017, 178

701, -54.7848209575 , 132.0022582551, Southern, 30/05/2017, 97

702, 28.3887650670 , 168.8842463488, North Pacific, 10/02/2017, 178

703, 76.3529764173 , -141.3987827168, Arctic, 20/02/2017, 46

704, 73.5723460249 , -143.5555963281, Arctic, 29/03/2017, 43

705, 20.7097472952 , 147.1314327173, North Pacific, 13/04/2017, 152

706, 29.1255670176 , 142.3501135373, North Pacific, 01/06/2017, 39

707, 7.1272671628 , 173.8157977065, North Pacific, 24/05/2017, 183

708, 3.2734075437 , 154.4132581816, North Pacific, 28/03/2017, 101

709, 13.4001406717 , 156.3442515868, North Pacific, 16/05/2017, 106

710, -19.0385198076 , -18.3704076746, South Atlantic, 23/02/2017, 197

711, -48.6595695646 , -8.9404124366, South Atlantic, 05/02/2017, 30

712, 33.4907238109 , -50.3127434665, North Atlantic, 03/05/2017, 162

713, 12.1273435243 , -39.5391350750, North Atlantic, 22/05/2017, 106

714, 38.7824252428 , -31.3161530492, North Atlantic, 20/02/2017, 37

715, -40.2818266350 , -115.0543000107, South Pacific, 03/05/2017, 94

716, -51.9576006671 , -91.7332251937, South Pacific, 06/04/2017, 76

717, -57.6832289517 , 135.7896597943, Southern, 24/05/2017, 123

718, -55.3618109950 , 134.2509028196, Southern, 14/06/2017, 109

719, -54.8533584899 , 132.9077095738, Southern, 21/05/2017, 70

720, -19.7845285571 , 93.1795294179, Indian, 16/01/2017, 16

721, 11.6670436373 , 173.3205418327, North Pacific, 24/04/2017, 27

722, 2.0802293215 , 144.1493100855, North Pacific, 03/04/2017, 51

723, -21.7821258734 , 1.1046861723, South Atlantic, 23/02/2017, 151

724, -41.5775722412 , -18.6899546155, South Atlantic, 29/04/2017, 94

725, 21.2399525993 , 167.0217178166, North Pacific, 03/06/2017, 25

726, 10.4819002796 , 145.1398611605, North Pacific, 20/04/2017, 133

727, 11.9125485615 , 159.5426130363, North Pacific, 27/06/2017, 127

728, 21.5209316795 , 154.9877272453, North Pacific, 12/06/2017, 199

729, 79.6260059474 , -158.8288750447, Arctic, 14/01/2017, 12

730, 72.2340742760 , -169.2812580053, Arctic, 08/04/2017, 75

731, 77.8984685754 , -169.5033490283, Arctic, 19/05/2017, 119

732, 76.8980294116 , -149.4766840057, Arctic, 18/02/2017, 54

733, -22.1420552312 , -144.7991631901, South Pacific, 18/05/2017, 167

734, -39.5594584567 , -115.1576955640, South Pacific, 04/06/2017, 175

735, -11.1489167116 , -92.9712679996, South Pacific, 24/05/2017, 132

736, -49.0365519277 , -130.0842117332, South Pacific, 21/02/2017, 93

737, -24.0179005284 , -91.3305353752, South Pacific, 10/06/2017, 157

738, -23.8284289575 , -145.1005943097, South Pacific, 23/03/2017, 113

739, -21.2120851461 , -94.6466560497, South Pacific, 07/01/2017, 96

740, -10.9838806004 , -135.7635795538, South Pacific, 24/01/2017, 140

741, -48.7854846841 , -129.1984965835, South Pacific, 13/01/2017, 167

742, -21.4121238591 , 64.7691193990, Indian, 28/06/2017, 146

743, -21.7126749371 , 83.7907152175, Indian, 24/04/2017, 63

744, -16.1532440624 , -146.7961596403, South Pacific, 08/06/2017, 180

745, -13.6246680671 , -104.7500157518, South Pacific, 12/03/2017, 182

746, -11.7405078289 , -100.7460359813, South Pacific, 24/06/2017, 99

747, 20.2509235685 , -36.3103345392, North Atlantic, 17/02/2017, 45

748, 30.6601613949 , -55.0470505585, North Atlantic, 01/05/2017, 184

749, 39.3851969575 , -58.3790663389, North Atlantic, 07/02/2017, 179

750, 24.9881960940 , -38.9839355363, North Atlantic, 08/05/2017, 150

751, 75.8373740669 , -158.5893277026, Arctic, 18/05/2017, 25

752, 79.0422512922 , -137.4903905985, Arctic, 22/04/2017, 153

753, 72.2171465495 , -131.4545922547, Arctic, 27/06/2017, 73

754, 76.7320395134 , -162.0172313377, Arctic, 17/05/2017, 37

755, 77.4766869869 , -166.3612574881, Arctic, 15/04/2017, 13

756, -36.3118892332 , -138.4904053847, South Pacific, 21/06/2017, 160

757, -14.5151183170 , -132.9765012222, South Pacific, 05/03/2017, 61

758, -53.0349864499 , -120.8863691198, South Pacific, 08/01/2017, 179

759, -23.8847894100 , -98.8699043677, South Pacific, 05/04/2017, 163

760, -29.6949652092 , 85.2866663156, Indian, 23/04/2017, 23

761, -7.3896622087 , 85.2443556791, Indian, 26/02/2017, 121

762, 21.4020425134 , 174.0357589880, North Pacific, 04/03/2017, 139

763, 5.0375076872 , 153.5967974870, North Pacific, 17/01/2017, 127

764, 21.1456689011 , 169.9277247209, North Pacific, 01/02/2017, 7

765, 13.3630188989 , 150.3927097984, North Pacific, 07/06/2017, 198

766, -9.9340212275 , 89.1904019142, Indian, 28/06/2017, 105

767, -11.8176866005 , -104.6346473203, South Pacific, 09/03/2017, 133

768, -52.8683690926 , -127.6846945834, South Pacific, 12/02/2017, 40

769, -24.8496517049 , -91.8989458130, South Pacific, 29/05/2017, 140

770, -57.4475864076 , -133.2078822065, South Pacific, 17/02/2017, 68

771, -50.4859743037 , -108.3213293079, South Pacific, 24/03/2017, 192

772, -18.2474613833 , 78.7128340726, Indian, 24/03/2017, 44

773, -9.1212332221 , 83.8863558806, Indian, 03/02/2017, 119

774, -14.1820741464 , 93.5043515980, Indian, 20/01/2017, 128

775, -5.0597930374 , 71.7013699243, Indian, 15/01/2017, 144

776, -28.0405355143 , -142.1614857447, South Pacific, 06/03/2017, 27

777, -39.7868531569 , -94.5524097628, South Pacific, 17/03/2017, 41

778, -48.6011893342 , -90.2468790953, South Pacific, 19/03/2017, 128

779, -29.6675247837 , -130.9969138172, South Pacific, 27/05/2017, 72

780, -43.5996259905 , 3.8394037279, South Atlantic, 16/06/2017, 40

781, -29.3829652199 , -0.8544145575, South Atlantic, 03/06/2017, 178

782, 73.6992920682 , -137.3157957789, Arctic, 04/04/2017, 122

783, 73.6338464998 , -154.0289734788, Arctic, 12/04/2017, 24

784, 13.5365617944 , -38.9382175491, North Atlantic, 14/01/2017, 18

785, 35.3973080243 , -46.3102653140, North Atlantic, 17/04/2017, 79

786, 36.7013520313 , -51.0878107329, North Atlantic, 26/01/2017, 42

787, 28.4524101198 , -35.4708371616, North Atlantic, 07/02/2017, 8

788, -53.9759367118 , -136.4486239508, South Pacific, 18/06/2017, 96

789, -22.3563153005 , 63.1548437677, Indian, 05/02/2017, 75

790, -7.2024003520 , 99.2406884019, Indian, 06/04/2017, 181

791, -12.3634229099 , 76.9801502754, Indian, 17/01/2017, 108

792, -19.4114296368 , -11.8289783047, South Atlantic, 23/03/2017, 54

793, -17.2706681524 , -22.4814141693, South Atlantic, 11/02/2017, 103

794, 20.2381906427 , 164.6362612791, North Pacific, 25/01/2017, 42

795, 27.3562080540 , 159.3030867280, North Pacific, 08/05/2017, 83

796, -21.3238031842 , 61.3434232219, Indian, 11/05/2017, 162

797, -6.2399487948 , 76.9228002880, Indian, 27/03/2017, 110

798, -15.1065127901 , 67.8227551318, Indian, 09/02/2017, 118

799, -12.9047615607 , 65.3926135438, Indian, 16/04/2017, 73

800, -26.7786372112 , 70.7523299804, Indian, 05/04/2017, 172

801, -39.4326445388 , 77.1058295188, Indian, 19/06/2017, 24

802, 26.3223435806 , -34.6936529338, North Atlantic, 23/04/2017, 122

803, 16.8923399210 , -40.8325827358, North Atlantic, 24/05/2017, 185

804, 19.5252971815 , -32.5159983209, North Atlantic, 16/03/2017, 58

805, 75.5565312112 , -144.1991106859, Arctic, 21/06/2017, 184

806, -29.6322970486 , 74.1147996365, Indian, 01/06/2017, 191

807, -11.9420610657 , 97.7751581919, Indian, 26/05/2017, 118

808, -5.4622710522 , 89.0299684876, Indian, 05/05/2017, 63

809, -30.6565192275 , 87.2508088254, Indian, 04/03/2017, 141

810, 72.4283228332 , -165.1140611969, Arctic, 13/02/2017, 123

811, 73.7739507676 , -161.9760646634, Arctic, 03/01/2017, 2

812, 78.1230857699 , -139.7451250673, Arctic, 25/01/2017, 30

813, -42.0372870108 , -124.9747128296, South Pacific, 03/05/2017, 134

814, -44.9024086189 , -109.8054620809, South Pacific, 05/01/2017, 75

815, -10.1099121525 , -129.6123326289, South Pacific, 01/04/2017, 69

816, -41.1447982589 , -121.4300411248, South Pacific, 04/06/2017, 15

817, -43.5521164739 , -144.4871572379, South Pacific, 01/04/2017, 100

818, -58.1998860967 , 134.4938762367, Southern, 16/03/2017, 191

819, -53.1494994523 , 137.6609031007, Southern, 03/01/2017, 13

820, -56.2780342001 , 132.2680345700, Southern, 04/04/2017, 61

821, -54.1005382194 , 134.5234410439, Southern, 08/03/2017, 140

822, -57.1747781556 , 130.3776397791, Southern, 22/03/2017, 89

823, -59.0008449550 , 136.8862176719, Southern, 03/01/2017, 113

824, -52.7147245420 , 137.5737400435, Southern, 01/05/2017, 175

825, 2.5148176600 , 170.5237120625, North Pacific, 18/05/2017, 94

826, 26.0964421211 , 169.2050072733, North Pacific, 04/03/2017, 118

827, 29.3965228365 , 173.0940462174, North Pacific, 22/04/2017, 33

828, -10.0765630044 , -132.8380445590, South Pacific, 23/01/2017, 119

829, -39.4785922996 , -134.9574133032, South Pacific, 30/04/2017, 11

830, -30.1409525565 , -100.6365156316, South Pacific, 02/05/2017, 29

831, -30.3406829016 , -99.5100723065, South Pacific, 18/05/2017, 196

832, 5.4001854711 , 158.3519715412, North Pacific, 04/05/2017, 26

833, -7.0532993144 , 78.3830770936, Indian, 10/03/2017, 72

834, -16.3373478904 , 66.0009973338, Indian, 21/06/2017, 59

835, -13.9431774541 , -96.5193928529, South Pacific, 12/02/2017, 69

836, -53.9070382127 , -102.4231269548, South Pacific, 25/02/2017, 70

837, -14.7030783280 , -130.7547299847, South Pacific, 04/04/2017, 127

838, 26.8168539167 , 161.8421733947, North Pacific, 04/01/2017, 76

839, 5.6083650960 , 142.2132416825, North Pacific, 14/01/2017, 11

840, 15.0170509215 , 166.0303711151, North Pacific, 23/06/2017, 35

841, 21.4083492530 , 152.0771522969, North Pacific, 24/06/2017, 76

842, 9.4936343466 , 163.6867760046, North Pacific, 25/06/2017, 41

843, 3.6265285051 , 146.4055951039, North Pacific, 05/01/2017, 152

844, 19.0149768204 , 167.1456859736, North Pacific, 15/04/2017, 137

845, 23.5186453133 , 156.9355832003, North Pacific, 16/01/2017, 88

846, 8.1774836584 , 149.1088654539, North Pacific, 18/04/2017, 197

847, 34.6307079190 , -42.9375894661, North Atlantic, 15/05/2017, 40

848, 10.7689911270 , -41.0893125371, North Atlantic, 07/01/2017, 32

849, 11.4842393489 , -38.7631548237, North Atlantic, 10/02/2017, 107

850, 20.2572605667 , -35.8752162270, North Atlantic, 24/01/2017, 108

851, 25.1101793838 , -46.5693289584, North Atlantic, 18/06/2017, 108

852, -21.7065467926 , -109.3912934137, South Pacific, 21/02/2017, 20

853, -23.3857007666 , -110.0911473204, South Pacific, 15/01/2017, 51

854, 38.2615847878 , -41.5682425544, North Atlantic, 27/06/2017, 62

855, 23.8217040635 , -44.9333329056, North Atlantic, 30/03/2017, 127

856, 29.7075211907 , -54.5298867135, North Atlantic, 18/02/2017, 35

857, -30.5871574211 , -124.4665213928, South Pacific, 11/06/2017, 81

858, -21.5723957431 , 62.2068051073, Indian, 06/01/2017, 46

859, -12.5375715236 , 69.9191532516, Indian, 07/06/2017, 11

860, -39.4738013155 , 87.9699773658, Indian, 16/01/2017, 125

861, -35.2106210451 , 96.3645178435, Indian, 10/06/2017, 190

862, -19.2939095219 , 85.8838059687, Indian, 22/03/2017, 60

863, -35.3135417613 , 66.3518130436, Indian, 27/06/2017, 11

864, -34.7428516018 , 71.2509613537, Indian, 26/04/2017, 83

865, -22.1783046132 , 97.3737283039, Indian, 12/04/2017, 173

866, -14.9955983437 , -137.2184200339, South Pacific, 22/04/2017, 56

867, -15.7966226040 , -126.0681691468, South Pacific, 05/05/2017, 152

868, -42.8072361987 , -2.2128662850, South Atlantic, 20/05/2017, 119

869, -10.1739474387 , -27.0822526454, South Atlantic, 02/05/2017, 24

870, -47.4753789033 , 0.9377452992, South Atlantic, 13/03/2017, 164

871, -45.9128887187 , -20.4877139118, South Atlantic, 24/05/2017, 196

872, -28.5607866284 , 1.9830889613, South Atlantic, 26/02/2017, 188

873, 12.4621518852 , -47.1520898152, North Atlantic, 02/04/2017, 50

874, -24.6507196383 , 2.6234901662, South Atlantic, 06/06/2017, 1

875, -38.2087950726 , -10.2558371752, South Atlantic, 27/04/2017, 20

876, -27.3508351936 , -22.3413074749, South Atlantic, 16/01/2017, 51

877, -16.7454760553 , -12.0792454165, South Atlantic, 18/05/2017, 35

878, 14.5654222018 , 172.7074372502, North Pacific, 01/01/2017, 21

879, 25.6990471649 , 169.4462099925, North Pacific, 17/03/2017, 8

880, 5.4773676142 , 142.6409262780, North Pacific, 10/04/2017, 65

881, 23.6040306155 , 172.9650182035, North Pacific, 26/04/2017, 175

882, -36.1816975317 , -133.1116952296, South Pacific, 12/03/2017, 58

883, -41.4937679942 , -118.4136343135, South Pacific, 13/06/2017, 198

884, -31.1765373923 , -98.7027794163, South Pacific, 31/05/2017, 77

885, -28.1150077461 , -135.8365126726, South Pacific, 19/03/2017, 7

886, -44.3327938040 , -146.9221221828, South Pacific, 18/05/2017, 174

887, -28.2143282044 , -12.4446250393, South Atlantic, 27/01/2017, 187

888, -57.5575797435 , 139.4999104596, Southern, 03/03/2017, 160

889, -51.3198102272 , 132.5118709554, Southern, 14/06/2017, 104

890, 79.7630107029 , -168.9485459025, Arctic, 16/01/2017, 159

891, 73.0838942682 , -139.0900384863, Arctic, 15/03/2017, 164

892, 79.7440060972 , -167.6442830067, Arctic, 10/02/2017, 101

893, -52.4897386844 , 133.8529415353, Southern, 09/04/2017, 71

894, -58.8022441132 , 138.6030962638, Southern, 25/04/2017, 95

895, -53.2617677717 , 137.9025282235, Southern, 17/04/2017, 33

896, -44.6611031120 , -27.8551893718, South Atlantic, 29/01/2017, 1

897, -56.3723674353 , 136.6156403844, Southern, 14/03/2017, 131

898, -51.6962498248 , 137.6905432612, Southern, 05/06/2017, 13

899, -56.6424164626 , 130.3772210751, Southern, 27/06/2017, 161

900, 32.8938278104 , -30.9077879418, North Atlantic, 14/05/2017, 50

901, 18.5537393291 , -53.1685585171, North Atlantic, 04/04/2017, 124

902, 75.1122716605 , -155.5272054419, Arctic, 12/03/2017, 96

903, -56.1502950388 , -109.4070202948, South Pacific, 01/03/2017, 175

904, -22.2583265939 , -141.9605230503, South Pacific, 28/01/2017, 97

905, -56.3607011812 , -136.8067825059, South Pacific, 26/01/2017, 18

906, -16.0158533375 , 69.0662864079, Indian, 25/05/2017, 65

907, -16.6922193331 , 74.5291611620, Indian, 04/03/2017, 36

908, -25.1980522788 , 96.7198730804, Indian, 04/05/2017, 12

909, -38.2411707301 , 69.6409643486, Indian, 11/04/2017, 29

910, -12.0518748868 , 91.1047878820, Indian, 16/03/2017, 114

911, 22.8330768705 , -50.0319742831, North Atlantic, 01/04/2017, 53

912, 13.1879240615 , -50.4505947327, North Atlantic, 11/04/2017, 150

913, -58.9839090868 , 137.5471490238, Southern, 27/05/2017, 34

914, -51.5874906916 , 133.7397098233, Southern, 02/04/2017, 151

915, -58.8364806161 , 130.0186816929, Southern, 31/01/2017, 64

916, -59.2235699851 , 130.2294168390, Southern, 10/06/2017, 88

917, -59.4008766345 , 135.5863130072, Southern, 14/05/2017, 96

918, 78.2164942539 , -149.8007458913, Arctic, 16/04/2017, 53

919, 77.9931845171 , -157.5789628120, Arctic, 19/01/2017, 85

920, 79.8301766253 , -141.3055338577, Arctic, 03/03/2017, 148

921, 73.9438082399 , -130.5283426310, Arctic, 30/03/2017, 81

922, 8.6178994033 , 143.8810203056, North Pacific, 20/03/2017, 81

923, 8.2713099002 , 161.1438335228, North Pacific, 24/03/2017, 110

924, 11.6199440330 , 149.2901550183, North Pacific, 26/03/2017, 197

925, 27.7077772877 , 145.8744578370, North Pacific, 23/02/2017, 69

926, 76.5215957447 , -137.0222133058, Arctic, 11/02/2017, 145

927, 76.4398587665 , -131.4893142327, Arctic, 25/02/2017, 158

928, 75.3885195979 , -153.3329627399, Arctic, 29/06/2017, 122

929, 73.7921340362 , -163.7994394981, Arctic, 20/01/2017, 56

930, 76.3515630534 , -132.5840702106, Arctic, 18/04/2017, 164

931, 36.5459859122 , -57.0609663413, North Atlantic, 24/02/2017, 43

932, 28.0854137978 , -51.1808758560, North Atlantic, 23/02/2017, 8

933, 10.1843079646 , -44.5082410260, North Atlantic, 13/01/2017, 179

934, 17.8061771662 , -54.2061341527, North Atlantic, 24/01/2017, 159

935, 13.6770822497 , -39.8373115714, North Atlantic, 13/04/2017, 166

936, -44.6441069546 , -143.2942078976, South Pacific, 25/02/2017, 92

937, -45.9426482748 , -100.3185764655, South Pacific, 29/03/2017, 68

938, -36.9419259517 , -118.0541228634, South Pacific, 04/06/2017, 121

939, 75.6888996156 , -147.4186602130, Arctic, 17/01/2017, 162

940, 72.2176957504 , -154.4741168918, Arctic, 12/04/2017, 89

941, -26.8760258597 , 1.9389240360, South Atlantic, 09/05/2017, 88

942, -44.5040474434 , -21.9734426946, South Atlantic, 16/05/2017, 195

943, -37.8688956415 , -113.0689150389, South Pacific, 05/04/2017, 176

944, -31.4229913761 , -119.6263590779, South Pacific, 18/04/2017, 156

945, -54.4888996168 , -142.1270724163, South Pacific, 20/01/2017, 66

946, -59.2610114064 , 131.8963007964, Southern, 22/02/2017, 64

947, -55.1394305682 , 139.7976064402, Southern, 27/05/2017, 159

948, 78.5754744739 , -158.2782395129, Arctic, 08/06/2017, 119

949, 78.4317021847 , -132.0712129968, Arctic, 21/01/2017, 119

950, 77.4048803139 , -142.7294124908, Arctic, 04/01/2017, 140

951, 75.7240605595 , -148.7587855471, Arctic, 08/04/2017, 104

952, 73.5118363171 , -154.2009060756, Arctic, 18/05/2017, 118

953, -32.4000021803 , 63.5805619897, Indian, 08/04/2017, 146

954, -22.4235308554 , 66.9631037335, Indian, 23/05/2017, 141

955, -20.5358778688 , 69.5584186770, Indian, 23/05/2017, 80

956, 75.0400861739 , -161.3376323280, Arctic, 01/02/2017, 69

957, 75.9910410996 , -145.3997131323, Arctic, 01/06/2017, 165

958, 74.0154444808 , -133.9029837790, Arctic, 06/02/2017, 113

959, -8.3701792817 , 72.2684824896, Indian, 15/03/2017, 117

960, -28.6989347794 , 75.3491804075, Indian, 25/02/2017, 69

961, -26.2344700174 , 64.4004839865, Indian, 10/06/2017, 142

962, 74.9481334588 , -165.6801027598, Arctic, 20/06/2017, 161

963, 72.4214852864 , -167.5257363159, Arctic, 01/04/2017, 90

964, 76.2031338197 , -164.5139540148, Arctic, 14/01/2017, 8

965, 78.2056384786 , -141.5970309319, Arctic, 18/01/2017, 103

966, -31.1888311017 , 80.1616562624, Indian, 19/04/2017, 34

967, -9.2196873013 , 85.1324959030, Indian, 21/06/2017, 5

968, -17.4435886426 , 84.4747526499, Indian, 15/06/2017, 166

969, 75.8456054273 , -169.0364311445, Arctic, 14/04/2017, 60

970, -18.0290742023 , -96.8109585283, South Pacific, 27/03/2017, 1

971, -13.9461753117 , -97.1091867271, South Pacific, 22/01/2017, 166

972, -43.7337605347 , -146.0443900414, South Pacific, 10/06/2017, 47

973, -15.0254287454 , -140.4127521303, South Pacific, 05/03/2017, 31

974, -29.6416949246 , -134.9084637989, South Pacific, 25/05/2017, 187

975, 20.2384792037 , 169.8327865102, North Pacific, 02/06/2017, 67

976, -39.1135199969 , -91.5838776443, South Pacific, 14/03/2017, 146

977, -38.3628424296 , -137.3255502280, South Pacific, 30/06/2017, 97

978, 18.6688163591 , 170.1811600291, North Pacific, 11/02/2017, 194

979, 8.1767627030 , 154.4358738789, North Pacific, 23/02/2017, 167

980, 7.2271115134 , 146.7342020044, North Pacific, 04/01/2017, 85

981, 76.9025645838 , -135.0439132401, Arctic, 18/01/2017, 54

982, 77.6671765920 , -131.7273154863, Arctic, 16/03/2017, 151

983, -41.5521200800 , -147.5229293190, South Pacific, 30/03/2017, 122

984, -18.7549095548 , -125.6891333944, South Pacific, 18/02/2017, 56

985, -12.4335286359 , -109.0019121016, South Pacific, 19/06/2017, 176

986, -21.2915926433 , -137.8959936127, South Pacific, 02/04/2017, 138

987, 1.3328206173 , 166.9926098511, North Pacific, 04/05/2017, 145

988, -37.8938211398 , -127.3950818635, South Pacific, 03/05/2017, 124

989, 78.6559102156 , -130.5909841510, Arctic, 25/01/2017, 160

990, 22.0996940192 , 159.9735261476, North Pacific, 10/01/2017, 122

991, 3.9717125445 , 172.1475078921, North Pacific, 21/02/2017, 166

992, 15.8235855009 , 150.0141023239, North Pacific, 25/06/2017, 168

993, 14.1286575022 , 158.7043033581, North Pacific, 24/03/2017, 175

994, 9.0072785779 , 172.2981077560, North Pacific, 07/01/2017, 72

995, -16.5104568291 , 68.7477294769, Indian, 15/05/2017, 44

996, -27.3294980043 , 94.9823667644, Indian, 28/06/2017, 148

997, -31.5585187155 , 89.6250993151, Indian, 21/02/2017, 5

998, -50.3100598093 , -95.8783574150, South Pacific, 22/02/2017, 17

999, -55.3108918133 , -105.8046678527, South Pacific, 03/05/2017, 86

1000, -58.7697244709 , 130.0990238600, Southern, 06/06/2017, 126

1001, -56.5526140605 , 130.8733799639, Southern, 13/02/2017, 29

1002, -42.1072811783 , 2.1454833528, South Atlantic, 24/06/2017, 122

1003, -29.1300830148 , -29.2821498468, South Atlantic, 29/04/2017, 151

1004, 24.6265663787 , 170.4385447527, North Pacific, 27/02/2017, 17

1005, 27.7326405829 , 141.8034176863, North Pacific, 22/03/2017, 53

1006, -42.1105693058 , -13.5110794932, South Atlantic, 10/04/2017, 103

1007, -32.8842275324 , -108.4508790814, South Pacific, 04/05/2017, 5

1008, -10.9829928870 , -145.1703878190, South Pacific, 04/03/2017, 48

1009, -29.2067063736 , -132.9587496924, South Pacific, 12/04/2017, 64

1010, -25.7773823784 , -141.2885375467, South Pacific, 21/06/2017, 17

1011, 25.7179290129 , -44.6613809535, North Atlantic, 12/04/2017, 187

1012, 31.2340570340 , -58.7094776513, North Atlantic, 18/01/2017, 147

1013, 15.7363690090 , -46.5654386937, North Atlantic, 17/06/2017, 84

1014, -37.5754584733 , 60.2256290988, Indian, 13/04/2017, 64

1015, -33.1250626329 , 78.5068572026, Indian, 07/06/2017, 117

1016, 11.2440163601 , 155.3418090429, North Pacific, 02/05/2017, 176

1017, 2.8017624620 , 156.7989633148, North Pacific, 09/01/2017, 190

1018, 14.5233982729 , 160.9228126499, North Pacific, 20/02/2017, 7

1019, 21.2142996449 , 167.7345710563, North Pacific, 22/04/2017, 72

1020, 17.2253793186 , 153.5802396636, North Pacific, 30/01/2017, 14

1021, -52.9330896553 , -128.0523022255, South Pacific, 12/02/2017, 79

1022, -47.0444916827 , -107.7097053536, South Pacific, 07/06/2017, 183

1023, -20.3895500584 , -149.3252525755, South Pacific, 27/03/2017, 114

1024, 76.4933970591 , -147.3515759862, Arctic, 07/06/2017, 142

1025, 77.8288163384 , -158.2653712985, Arctic, 27/01/2017, 74

1026, 74.1485747034 , -142.9997137249, Arctic, 04/04/2017, 13

1027, 79.2564209175 , -149.4380099976, Arctic, 30/04/2017, 76

1028, -46.5191107553 , -116.9397757700, South Pacific, 07/01/2017, 57

1029, -32.4920734402 , -109.9186644051, South Pacific, 19/03/2017, 182

1030, -42.9905694271 , -129.1655466795, South Pacific, 05/03/2017, 23

1031, -56.7028544502 , 133.7462689605, Southern, 08/04/2017, 155

1032, -51.2988183048 , 131.9618338495, Southern, 24/06/2017, 150

1033, -50.6222359466 , 138.0125083672, Southern, 22/04/2017, 29

1034, -54.8438274091 , 131.0956308856, Southern, 17/06/2017, 55

1035, -50.6296098701 , 139.7304921456, Southern, 07/06/2017, 183

1036, 72.5203294086 , -149.3509716072, Arctic, 27/06/2017, 32

1037, 79.4044821930 , -144.5605698668, Arctic, 17/02/2017, 147

1038, 75.3062374384 , -135.5683938067, Arctic, 08/06/2017, 166

1039, -27.5710162043 , -23.3978495926, South Atlantic, 01/04/2017, 71

1040, -20.7898485711 , -5.2746998520, South Atlantic, 05/01/2017, 132

1041, -21.6762467528 , -1.7172184734, South Atlantic, 08/03/2017, 118

1042, 17.2798957058 , 173.0929696761, North Pacific, 15/06/2017, 35

1043, 20.5087807870 , 149.3758220618, North Pacific, 07/02/2017, 39

1044, 1.3282475906 , 167.7658364073, North Pacific, 19/04/2017, 130

1045, 9.8670285055 , 147.4490756925, North Pacific, 03/05/2017, 92

1046, 74.4684828755 , -136.3706182346, Arctic, 23/05/2017, 40

1047, 75.9267364870 , -131.1052400065, Arctic, 05/01/2017, 145

1048, 75.8423768896 , -165.5183749066, Arctic, 03/02/2017, 89

1049, 77.5470441904 , -133.2045078851, Arctic, 26/05/2017, 46

1050, -16.3318578928 , 82.9399898569, Indian, 23/06/2017, 98

1051, -31.2024946353 , 86.8465145989, Indian, 15/06/2017, 196

1052, -24.2024074305 , 78.3200458709, Indian, 09/05/2017, 120

1053, 15.8036750070 , -32.4291829404, North Atlantic, 31/01/2017, 150

1054, 18.7066323537 , -47.7746323719, North Atlantic, 11/01/2017, 186

1055, 20.8529108906 , -59.4243989649, North Atlantic, 03/06/2017, 192

1056, 74.8685679822 , -130.2608772927, Arctic, 25/04/2017, 88

1057, 79.7258242777 , -168.9020238067, Arctic, 15/06/2017, 95

1058, 78.0414447477 , -154.7886899788, Arctic, 17/02/2017, 115

1059, 72.3275435792 , -164.3157353039, Arctic, 11/06/2017, 137

1060, -31.0500219190 , -29.6667321723, South Atlantic, 14/02/2017, 79

1061, -45.3474864156 , -13.3931491470, South Atlantic, 24/01/2017, 114

1062, -31.2460414419 , -19.6744357723, South Atlantic, 26/04/2017, 182

1063, -13.2886800372 , -18.5715213574, South Atlantic, 02/03/2017, 179

1064, 26.4037186403 , 165.0760923443, North Pacific, 02/02/2017, 6

1065, 2.8964193505 , 165.5305788808, North Pacific, 02/04/2017, 197

1066, -50.6748299863 , 135.3789975519, Southern, 23/04/2017, 41

1067, -54.2907812699 , 138.7843961822, Southern, 01/02/2017, 188

1068, -53.2624404427 , 132.9714769977, Southern, 16/01/2017, 24

1069, -58.0061096363 , 131.1948849313, Southern, 29/06/2017, 48

1070, 28.9233002667 , 156.6039762351, North Pacific, 19/02/2017, 145

1071, 27.0894220504 , 151.9226601752, North Pacific, 22/06/2017, 183

1072, 7.0093542649 , 152.3086846421, North Pacific, 16/02/2017, 50

1073, 25.8598026800 , 155.5699529222, North Pacific, 21/01/2017, 61

1074, 74.3441502053 , -163.8312387997, Arctic, 16/03/2017, 60

1075, 74.7353598265 , -152.0765744998, Arctic, 17/04/2017, 74

1076, -36.2024941604 , 90.8907817634, Indian, 13/02/2017, 103

1077, -28.1943642060 , 78.9144126414, Indian, 30/04/2017, 141

1078, -8.2474979121 , 93.7608225801, Indian, 19/01/2017, 133

1079, -30.2426608211 , 79.0195475235, Indian, 08/04/2017, 182

1080, -38.2361983826 , -18.1110191918, South Atlantic, 05/03/2017, 138

1081, -56.5482732964 , -117.6374887990, South Pacific, 09/06/2017, 43

1082, -11.4866978403 , -116.6419247569, South Pacific, 10/05/2017, 88

1083, -40.3906101642 , -97.6445169782, South Pacific, 28/06/2017, 168

1084, -15.4673563249 , -95.5392650913, South Pacific, 19/01/2017, 123

1085, -25.6658241831 , -104.2452535193, South Pacific, 17/03/2017, 4

1086, 78.1043012469 , -166.2149239873, Arctic, 24/04/2017, 89

1087, 79.3034314398 , -148.8539342670, Arctic, 07/05/2017, 199

1088, 23.4330182352 , 142.4743507930, North Pacific, 11/04/2017, 51

1089, 5.5866416337 , 166.5061990295, North Pacific, 13/05/2017, 83

1090, -13.1820481285 , 95.0510859839, Indian, 09/02/2017, 177

1091, -39.6164092862 , 92.1915295684, Indian, 22/06/2017, 23

1092, -15.5907722728 , 77.2139105467, Indian, 03/03/2017, 48

1093, 33.4767153736 , -58.0153541444, North Atlantic, 20/01/2017, 98

1094, 11.6940036703 , -53.8749122125, North Atlantic, 11/04/2017, 186

1095, 21.4030117455 , -37.3895747575, North Atlantic, 10/05/2017, 158

1096, -10.0318657071 , 68.9455146570, Indian, 24/03/2017, 50

1097, -23.4120259683 , 63.6249878274, Indian, 02/02/2017, 166

1098, 78.8504167045 , -135.9061511261, Arctic, 26/06/2017, 199

1099, 78.0773584387 , -146.1001234577, Arctic, 14/01/2017, 6

1100, 6.2087939848 , 172.3029486799, North Pacific, 30/06/2017, 53

1101, 7.2288653568 , 169.2246096717, North Pacific, 08/01/2017, 163

1102, -46.7275001652 , -113.2546834663, South Pacific, 29/04/2017, 172

1103, -5.1193708252 , 90.5681179420, Indian, 21/01/2017, 179

1104, -41.1550905142 , -134.9582846579, South Pacific, 03/04/2017, 123

1105, -14.1353951228 , -144.4914539133, South Pacific, 23/05/2017, 29

1106, -57.7440812847 , -131.3311896479, South Pacific, 02/04/2017, 190

1107, -41.0493433760 , -147.5157679047, South Pacific, 28/01/2017, 23

1108, -35.7953875818 , -138.6970334913, South Pacific, 24/03/2017, 148

1109, -23.3485937320 , -135.6191166423, South Pacific, 19/02/2017, 142

1110, -20.2311746963 , -105.7960263900, South Pacific, 14/04/2017, 186

1111, -14.3834595961 , -100.8837258121, South Pacific, 24/04/2017, 32

1112, 24.0678478657 , 155.3558552081, North Pacific, 08/01/2017, 127

1113, 1.8845701087 , 171.9256327520, North Pacific, 09/04/2017, 73

1114, 2.1792177959 , 173.2917750037, North Pacific, 15/05/2017, 155

1115, 16.2608571380 , 159.7890311292, North Pacific, 07/04/2017, 166

1116, 72.3114007936 , -150.3749413511, Arctic, 05/04/2017, 73

1117, 74.5644387093 , -130.2952578665, Arctic, 11/01/2017, 153

1118, 72.2969584392 , -153.5016826091, Arctic, 07/02/2017, 28

1119, 75.8458669576 , -164.0910200188, Arctic, 28/05/2017, 149

1120, 75.6704061793 , -147.9673908921, Arctic, 30/04/2017, 59

1121, -22.1076947600 , -118.2958777660, South Pacific, 18/02/2017, 42

1122, -21.8813586034 , 85.0257114996, Indian, 12/02/2017, 31

1123, -6.8668254730 , 60.7320878286, Indian, 29/04/2017, 178

1124, 77.4043565604 , -131.6045607448, Arctic, 17/03/2017, 162

1125, -47.0620211060 , -94.4576206917, South Pacific, 10/02/2017, 127

1126, -50.2529951140 , -149.5746501533, South Pacific, 29/03/2017, 182

1127, -47.9011701736 , -133.0147819049, South Pacific, 20/04/2017, 39

1128, -48.5207958466 , -90.7137310415, South Pacific, 08/03/2017, 22

1129, 79.4577074123 , -166.4711636102, Arctic, 09/05/2017, 121

1130, 78.2513270780 , -138.1344746836, Arctic, 05/03/2017, 99

1131, 6.1443224671 , 170.3663207290, North Pacific, 01/06/2017, 181

1132, 23.4175165060 , 170.3850424897, North Pacific, 13/03/2017, 9

1133, 7.5354885624 , 161.3256919902, North Pacific, 05/04/2017, 177

1134, 8.1340814932 , 151.0039511444, North Pacific, 09/03/2017, 12

1135, 6.1476202990 , 152.8748379847, North Pacific, 23/03/2017, 168

1136, 22.1565087848 , -43.5866541944, North Atlantic, 21/04/2017, 37

1137, 29.5206523731 , -56.0902715596, North Atlantic, 22/02/2017, 130

1138, 35.6074165905 , -51.3508554321, North Atlantic, 10/01/2017, 66

1139, -27.7389603936 , 64.1966529396, Indian, 16/06/2017, 33

1140, -32.4702535302 , -1.3361337135, South Atlantic, 25/02/2017, 160

1141, -26.2833071948 , -20.1531827497, South Atlantic, 01/01/2017, 30

1142, 2.5920240267 , 145.2741266160, North Pacific, 06/05/2017, 22

1143, 17.7463303868 , 155.0942092366, North Pacific, 13/05/2017, 98

1144, 7.9553348375 , 155.3059373960, North Pacific, 27/02/2017, 193

1145, -11.4756261844 , -93.3296104257, South Pacific, 07/02/2017, 175

1146, -36.1069749371 , -126.9766670079, South Pacific, 23/01/2017, 24

1147, -40.5647952624 , -126.6592207256, South Pacific, 19/02/2017, 60

1148, -32.9512895331 , -117.5163272151, South Pacific, 20/02/2017, 158

1149, -23.9370558103 , -4.0716349492, South Atlantic, 21/04/2017, 90

1150, -10.6677999351 , -9.9770611524, South Atlantic, 11/04/2017, 185

1151, -41.2984273542 , -8.2740764987, South Atlantic, 02/01/2017, 61

1152, -34.0371159762 , -25.5986052824, South Atlantic, 09/01/2017, 140

1153, -12.8366591422 , -3.1027308912, South Atlantic, 15/02/2017, 183

1154, 76.6556016154 , -161.6350148952, Arctic, 17/05/2017, 176

1155, 76.2492043843 , -148.2167021084, Arctic, 25/01/2017, 176

1156, -50.3766042042 , -142.0829246249, South Pacific, 03/03/2017, 18

1157, -16.6569572811 , -130.3853667250, South Pacific, 24/03/2017, 143

1158, 28.1027689009 , 151.9432498011, North Pacific, 04/06/2017, 127

1159, 19.8496450064 , 156.4195854759, North Pacific, 17/05/2017, 136

1160, 15.0127093191 , 157.1772212266, North Pacific, 08/02/2017, 14

1161, 12.3789611423 , 168.0840522950, North Pacific, 03/05/2017, 31

1162, -55.3714112450 , 133.6278541682, Southern, 10/05/2017, 111

1163, -56.6283652357 , 137.3125780454, Southern, 29/05/2017, 51

1164, -58.4669305237 , 132.1055246573, Southern, 16/04/2017, 86

1165, -58.0117979962 , 137.7102167009, Southern, 10/03/2017, 69

1166, 74.5396173422 , -144.5203175277, Arctic, 12/03/2017, 160

1167, 74.5863075529 , -143.2876762996, Arctic, 10/04/2017, 161

1168, 72.7871817280 , -165.3212313518, Arctic, 27/05/2017, 47

1169, 76.3242947330 , -130.4281846250, Arctic, 06/04/2017, 35

1170, 72.5847460370 , -161.2697327283, Arctic, 30/01/2017, 186

1171, 76.6027316510 , -148.1826532158, Arctic, 20/03/2017, 23

1172, 73.1612584969 , -161.4462783707, Arctic, 30/06/2017, 115

1173, 77.4410933915 , -163.0582749066, Arctic, 07/02/2017, 157

1174, 77.2320498066 , -143.6266503733, Arctic, 22/04/2017, 8

1175, 72.2175683268 , -132.5254043017, Arctic, 01/03/2017, 117

1176, 76.5349271803 , -145.8548751734, Arctic, 04/06/2017, 131

1177, 72.7012559402 , -161.2059425522, Arctic, 10/03/2017, 123

1178, 72.2533641943 , -152.3505432449, Arctic, 25/01/2017, 168

1179, 8.1050454630 , 163.1067438298, North Pacific, 10/02/2017, 134

1180, 16.4827317169 , 169.2035666966, North Pacific, 02/05/2017, 142

1181, 29.8528439551 , 169.3639078151, North Pacific, 06/05/2017, 178

1182, 10.4406776468 , 142.2297361224, North Pacific, 04/03/2017, 190

1183, 23.5891141247 , 150.0605075597, North Pacific, 26/01/2017, 38

1184, 7.7670736042 , 143.2260190431, North Pacific, 30/01/2017, 35

1185, 25.7741520627 , 163.8028436521, North Pacific, 10/01/2017, 25

1186, 76.4009176811 , -148.2587505590, Arctic, 16/02/2017, 113

1187, 72.1110565849 , -159.8796280426, Arctic, 31/03/2017, 70

1188, 76.6429849549 , -153.4472869073, Arctic, 31/01/2017, 20

1189, -21.6857466575 , -138.7339742709, South Pacific, 20/03/2017, 37

1190, 21.3076261577 , 148.3491123134, North Pacific, 17/03/2017, 42

1191, 0.6023658629 , 167.8472168920, North Pacific, 06/02/2017, 92

1192, 26.4185446065 , 171.3535311405, North Pacific, 22/03/2017, 94

1193, 2.4151937675 , 149.8332453448, North Pacific, 01/03/2017, 169

1194, 28.9542640368 , 174.8549494100, North Pacific, 04/01/2017, 83

1195, -36.9506039782 , -6.9964655591, South Atlantic, 23/03/2017, 163

1196, -44.7235430380 , -2.3212523234, South Atlantic, 20/02/2017, 186

1197, -41.6794094032 , -2.0430741166, South Atlantic, 19/01/2017, 78

1198, -45.7469104024 , -11.0000421624, South Atlantic, 18/05/2017, 79

1199, 74.2526317734 , -153.2747097794, Arctic, 27/02/2017, 42

1200, 79.2577071894 , -146.3054425904, Arctic, 07/03/2017, 46

1201, 78.3326906591 , -161.7573196216, Arctic, 19/05/2017, 185

1202, 76.1044655573 , -140.2591499361, Arctic, 03/06/2017, 156

1203, -49.7379258134 , -130.4829463551, South Pacific, 08/02/2017, 39

1204, -32.9224128755 , -145.9805659559, South Pacific, 09/06/2017, 158

1205, -19.5062355555 , -100.6029983007, South Pacific, 25/03/2017, 89

1206, -36.4338228509 , -111.7032059849, South Pacific, 11/02/2017, 57

1207, -56.5237366252 , -121.3167599828, South Pacific, 30/04/2017, 109

1208, -44.7984125767 , -106.2789615319, South Pacific, 13/01/2017, 29

1209, -53.6380484112 , -131.8784082597, South Pacific, 15/06/2017, 200

1210, -44.7536496747 , -133.4011041016, South Pacific, 11/03/2017, 198

1211, 13.1711569536 , 160.0622395752, North Pacific, 06/01/2017, 65

1212, 22.4697799526 , 156.7710725436, North Pacific, 16/01/2017, 94

1213, -23.8051866595 , 99.7470606490, Indian, 13/04/2017, 187

1214, -21.1256674170 , 75.1381868753, Indian, 27/03/2017, 186

1215, -21.6850696605 , 79.0156355216, Indian, 12/04/2017, 151

1216, 10.3770916631 , 155.1156715304, North Pacific, 16/03/2017, 187

1217, -54.3999273397 , 131.4060097241, Southern, 13/01/2017, 68

1218, -58.1316843946 , 130.5074829657, Southern, 24/04/2017, 28

1219, 21.0128771099 , -30.9613092714, North Atlantic, 02/06/2017, 11

1220, 22.0946726632 , -46.5875800078, North Atlantic, 09/03/2017, 79

1221, 14.4976194131 , -39.4607617517, North Atlantic, 26/05/2017, 171

1222, 33.9537201933 , -58.9117688075, North Atlantic, 30/01/2017, 74

1223, 76.3399988694 , -159.4085683624, Arctic, 24/04/2017, 110

1224, 72.6261285621 , -148.2299942608, Arctic, 15/02/2017, 181

1225, 72.5349010939 , -133.8590100984, Arctic, 29/01/2017, 55

1226, 78.4331430338 , -169.0317503172, Arctic, 06/02/2017, 120

1227, -17.3789425927 , -92.2257313515, South Pacific, 09/03/2017, 193

1228, -36.6567572610 , -133.4190987346, South Pacific, 23/06/2017, 138

1229, -24.5442333839 , -116.3951628406, South Pacific, 01/06/2017, 173

1230, -43.9462056448 , -97.4215986428, South Pacific, 01/05/2017, 63

1231, -38.5649439453 , -129.5251009052, South Pacific, 22/04/2017, 169

1232, 16.2653554679 , 153.0184552507, North Pacific, 18/04/2017, 163

1233, 20.1679777029 , 163.3739432801, North Pacific, 14/04/2017, 54

1234, 9.8771718796 , 150.3180869810, North Pacific, 05/02/2017, 198

1235, 73.0641393294 , -166.6403770245, Arctic, 20/01/2017, 35

1236, 73.6744820968 , -135.0342870900, Arctic, 31/01/2017, 3

1237, 79.4612015371 , -162.2784203255, Arctic, 05/04/2017, 10

1238, 74.2667245130 , -137.4177204107, Arctic, 13/06/2017, 168

1239, -43.8406882639 , -104.2144392683, South Pacific, 19/04/2017, 33

1240, -15.1317017782 , -109.6691042463, South Pacific, 27/05/2017, 2

1241, -52.7179972374 , -137.1987073343, South Pacific, 19/05/2017, 115

1242, -56.0640736837 , -138.2432665342, South Pacific, 27/03/2017, 78

1243, -45.1827993687 , -126.1404777300, South Pacific, 19/06/2017, 158

1244, 75.5559844168 , -154.9059635144, Arctic, 24/06/2017, 101

1245, 77.3947303246 , -156.5985875142, Arctic, 09/01/2017, 69

1246, 74.9122816450 , -164.5090328690, Arctic, 17/01/2017, 121

1247, -17.9265097379 , -27.7758630890, South Atlantic, 03/06/2017, 71

1248, -39.3516129765 , -27.8825469328, South Atlantic, 07/05/2017, 145

1249, -22.2866285650 , -0.2878255329, South Atlantic, 02/01/2017, 90

1250, 79.7185026965 , -166.5981821514, Arctic, 11/02/2017, 166

1251, 75.2795384802 , -153.8561198226, Arctic, 27/06/2017, 137

1252, 77.7898869541 , -160.0197537197, Arctic, 27/06/2017, 27

1253, 76.5404894187 , -162.8084025871, Arctic, 04/01/2017, 64

1254, 76.6372049361 , -144.9052300001, Arctic, 20/02/2017, 24

1255, -15.4667210930 , -136.5388011870, South Pacific, 23/02/2017, 8

1256, -34.9939882546 , -149.4653557518, South Pacific, 30/04/2017, 135

1257, -55.3993665033 , -137.1602448482, South Pacific, 22/01/2017, 192

1258, -18.2758842773 , -147.7817234573, South Pacific, 06/02/2017, 135

1259, -24.5992070970 , -106.7619707420, South Pacific, 21/05/2017, 169

1260, -56.7871840609 , 138.1385387332, Southern, 31/03/2017, 53

1261, -55.0016951631 , 136.1915817792, Southern, 08/02/2017, 181

1262, -59.4592950397 , 138.8836507401, Southern, 30/06/2017, 82

1263, -56.2659344199 , 134.3359653113, Southern, 04/06/2017, 104

1264, -51.3020179380 , 133.7562359794, Southern, 08/01/2017, 137

1265, -57.5010309822 , 133.2539263616, Southern, 08/04/2017, 39

1266, -55.1194797340 , 132.2503086982, Southern, 11/05/2017, 77

1267, -55.8541415054 , 135.7673147348, Southern, 22/03/2017, 92

1268, -49.7930023632 , -18.1754241153, South Atlantic, 20/02/2017, 162

1269, -37.9447309617 , -15.3066716414, South Atlantic, 15/05/2017, 155

1270, -18.5248686972 , -27.9856266538, South Atlantic, 14/03/2017, 65

1271, -41.1569084093 , -95.9591329498, South Pacific, 18/05/2017, 94

1272, -15.0001950958 , -97.3997875617, South Pacific, 26/05/2017, 30

1273, -25.6661573172 , -114.5347202777, South Pacific, 21/02/2017, 57

1274, -20.4444734102 , -146.5006933904, South Pacific, 10/03/2017, 63

1275, -25.9458165597 , -129.8827231582, South Pacific, 27/03/2017, 6

1276, -12.4829474289 , -22.4723764404, South Atlantic, 02/01/2017, 23

1277, -33.2956400808 , -19.7832138463, South Atlantic, 21/06/2017, 143

1278, -19.6555431605 , -4.8107514273, South Atlantic, 21/01/2017, 185

1279, -18.0006997697 , -16.1921545729, South Atlantic, 19/01/2017, 9

1280, -14.6132921263 , -22.1461386057, South Atlantic, 11/05/2017, 111

1281, -54.5932408630 , 139.9861741532, Southern, 29/01/2017, 47

1282, -57.3277017788 , 138.2441348016, Southern, 11/02/2017, 171

1283, 10.0160554797 , -40.2950218368, North Atlantic, 04/01/2017, 6

1284, 39.6384271605 , -33.2491337197, North Atlantic, 23/06/2017, 47

1285, 24.7724085230 , -37.5224681560, North Atlantic, 06/04/2017, 140

1286, 24.3465379646 , -54.7699025109, North Atlantic, 29/04/2017, 180

1287, 78.4853815467 , -168.3646056607, Arctic, 08/06/2017, 13

1288, 79.2831531052 , -138.2553363444, Arctic, 24/03/2017, 94

1289, 13.1625620104 , 147.3894005233, North Pacific, 26/01/2017, 87

1290, 9.8132787411 , 160.4888855715, North Pacific, 15/04/2017, 30

1291, 11.6515753240 , 153.4163133280, North Pacific, 16/05/2017, 64

1292, 24.0811605072 , 174.1569794408, North Pacific, 02/03/2017, 121

1293, 14.3365143818 , 169.9821352144, North Pacific, 04/03/2017, 171

1294, -30.3233059963 , -1.8671153657, South Atlantic, 11/05/2017, 126

1295, 0.2571679932 , 152.7366218915, North Pacific, 31/03/2017, 12

1296, 17.0864144885 , 144.3864133323, North Pacific, 23/05/2017, 200

1297, -39.1224694946 , -25.8088404666, South Atlantic, 11/02/2017, 119

1298, -48.6303603829 , -113.9530126210, South Pacific, 14/06/2017, 114

1299, -51.8994103986 , -146.5651279579, South Pacific, 02/03/2017, 36

1300, 0.9474681928 , 153.3181698426, North Pacific, 20/03/2017, 189

1301, 2.5357920176 , 152.4560421367, North Pacific, 30/06/2017, 139

1302, 16.7246488792 , 147.2062972198, North Pacific, 10/05/2017, 40

1303, 1.4214854368 , 157.3303167277, North Pacific, 28/01/2017, 168

1304, 22.9509579125 , 150.4267033122, North Pacific, 06/04/2017, 90

1305, -58.9565194393 , 136.6309377116, Southern, 16/06/2017, 196

1306, -57.9446312403 , 139.5776954710, Southern, 17/06/2017, 165

1307, -56.8762437240 , 132.8512008921, Southern, 04/02/2017, 138

1308, 14.7960385190 , 171.0210410440, North Pacific, 12/05/2017, 126

1309, 4.8035671910 , 148.0494280686, North Pacific, 25/01/2017, 115

1310, -19.2593838085 , 97.3236781160, Indian, 25/02/2017, 146

1311, -23.0596493641 , 65.0786587433, Indian, 28/06/2017, 196

1312, -18.2271810147 , 70.8571966974, Indian, 17/05/2017, 109

1313, -30.1241756534 , 61.9361313814, Indian, 12/02/2017, 21

1314, -33.8911640802 , 71.0267132199, Indian, 17/05/2017, 171

1315, -35.7522493791 , 61.9533204855, Indian, 22/05/2017, 118

1316, -17.0536140106 , 66.8352206269, Indian, 25/04/2017, 68

1317, -29.9204917694 , 85.5904753998, Indian, 08/06/2017, 190

1318, -17.5849242078 , -144.4115847975, South Pacific, 19/04/2017, 154

1319, -15.7287857662 , -132.3366673022, South Pacific, 03/03/2017, 113

1320, -35.5986999141 , -92.4548339948, South Pacific, 19/05/2017, 21

1321, -19.0160312173 , -113.3500149862, South Pacific, 28/04/2017, 122

1322, -32.1723575248 , -110.9160392736, South Pacific, 17/05/2017, 43

1323, -21.8473944542 , -108.9852349921, South Pacific, 13/05/2017, 107

1324, -49.9640936823 , -123.2391705705, South Pacific, 22/03/2017, 93

1325, 17.6173717471 , 164.1570393085, North Pacific, 16/02/2017, 152

1326, 26.8148488956 , 172.8313189944, North Pacific, 02/04/2017, 193

1327, 5.8364953128 , 166.4310224990, North Pacific, 06/01/2017, 14

1328, 72.1439354905 , -163.2806328839, Arctic, 27/04/2017, 57

1329, 75.3841033966 , -153.5834748408, Arctic, 12/06/2017, 14

1330, 30.4421313575 , -59.4402352718, North Atlantic, 20/04/2017, 189

1331, 39.5707898119 , -41.5668497475, North Atlantic, 10/01/2017, 57

1332, 16.4419281559 , -36.5016429017, North Atlantic, 25/04/2017, 23

1333, -42.3782841639 , -26.8704469720, South Atlantic, 22/01/2017, 57

1334, -13.7504654395 , -23.8878689538, South Atlantic, 20/02/2017, 156

1335, -14.6179058983 , -9.1087726825, South Atlantic, 28/01/2017, 98

1336, -55.8562877708 , 134.7408063266, Southern, 07/02/2017, 11

1337, 77.0944744708 , -169.8409763537, Arctic, 31/03/2017, 8

1338, 74.9581316015 , -158.3835515885, Arctic, 20/04/2017, 162

1339, 75.8287878539 , -158.1111669858, Arctic, 24/05/2017, 59

1340, -10.2140015039 , 70.7687058164, Indian, 10/03/2017, 129

1341, -19.7561093512 , 91.9994274862, Indian, 15/04/2017, 100

1342, -27.1538886531 , 89.7769074281, Indian, 01/02/2017, 108

1343, -14.8171135875 , 83.5463625489, Indian, 10/04/2017, 135

1344, -42.8986137560 , -94.1809211318, South Pacific, 02/06/2017, 177

1345, -56.3659656450 , -94.3450029773, South Pacific, 01/02/2017, 160

1346, -19.6970829459 , -105.8402890972, South Pacific, 14/06/2017, 100

1347, -59.6128722046 , 133.9872915270, Southern, 29/05/2017, 160

1348, 26.7652780594 , -41.7604362554, North Atlantic, 09/04/2017, 20

1349, 30.2064888180 , -32.1556426874, North Atlantic, 14/04/2017, 94

1350, 39.4285414831 , -40.1773917164, North Atlantic, 29/01/2017, 26

1351, 36.6641996925 , -34.0859123851, North Atlantic, 27/04/2017, 84

1352, 31.6385354389 , -36.0058316756, North Atlantic, 15/05/2017, 173

1353, -38.4337477518 , 0.2938464961, South Atlantic, 22/02/2017, 148

1354, 20.2494767682 , -31.0043385956, North Atlantic, 19/03/2017, 26

1355, 1.7636093133 , 166.3729619055, North Pacific, 09/01/2017, 166

1356, 14.1870600051 , 157.4675914890, North Pacific, 08/03/2017, 191

1357, -24.1807376007 , -110.2697140166, South Pacific, 28/06/2017, 69

1358, -11.1665133998 , -102.7713414155, South Pacific, 17/02/2017, 3

1359, -54.6545214600 , -110.6082646179, South Pacific, 27/04/2017, 112

1360, -29.6816686400 , -126.2186510191, South Pacific, 16/03/2017, 8

1361, -56.1468144768 , -141.9441569373, South Pacific, 26/02/2017, 162

1362, 77.4087716962 , -149.7685469034, Arctic, 03/06/2017, 190

1363, 79.3898686168 , -157.2328495361, Arctic, 10/05/2017, 171

1364, 75.5349032933 , -155.0143313897, Arctic, 04/03/2017, 136

1365, -43.2974443740 , -4.8360973410, South Atlantic, 09/04/2017, 139

1366, -31.5644167837 , -11.2472571206, South Atlantic, 07/02/2017, 21

1367, -38.7420699320 , -15.0103775412, South Atlantic, 21/05/2017, 129

1368, 3.3192368007 , 163.5430506983, North Pacific, 13/04/2017, 195

1369, 0.8400158681 , 149.9441646528, North Pacific, 01/04/2017, 200

1370, 16.2852704368 , 147.8982948805, North Pacific, 25/01/2017, 78

1371, -20.3311847711 , -100.2771297424, South Pacific, 13/01/2017, 180

1372, -15.0611351175 , -109.5194841733, South Pacific, 21/05/2017, 139

1373, 7.9410879351 , 160.2269140446, North Pacific, 17/03/2017, 97

1374, -52.5921967917 , -97.9217617809, South Pacific, 16/01/2017, 39

1375, -31.5781779129 , -141.8027101140, South Pacific, 20/04/2017, 21

1376, -29.2705352415 , -144.7185308741, South Pacific, 26/06/2017, 52

1377, -28.5338445793 , -148.8920531324, South Pacific, 11/01/2017, 163

1378, -57.4533656414 , 132.9823536952, Southern, 30/03/2017, 109

1379, -53.8018029806 , 131.5160233348, Southern, 02/01/2017, 147

1380, -58.1658456745 , 137.8385851755, Southern, 01/06/2017, 8

1381, -59.2051468693 , 130.3555929802, Southern, 26/06/2017, 39

1382, -54.1674827757 , 130.2727214295, Southern, 21/04/2017, 17

1383, -12.9809045247 , -22.0279730936, South Atlantic, 23/04/2017, 130

1384, 6.9980519670 , 162.8594089173, North Pacific, 06/03/2017, 4

1385, 14.0605929140 , 166.4037318744, North Pacific, 13/04/2017, 57

1386, 21.4774813743 , 142.9330349494, North Pacific, 30/01/2017, 75

1387, 4.0456765816 , 160.1281913394, North Pacific, 26/01/2017, 142

1388, 76.6987906157 , -150.5223398937, Arctic, 04/03/2017, 79

1389, 78.4137633100 , -154.8099287156, Arctic, 01/06/2017, 17

1390, 75.1086074277 , -145.6306281572, Arctic, 21/05/2017, 108

1391, 76.3772284744 , -153.6373644060, Arctic, 23/04/2017, 70

1392, -45.3429329513 , -132.0492964061, South Pacific, 20/02/2017, 104

1393, -45.4053122156 , -121.4192472731, South Pacific, 06/02/2017, 49

1394, -16.5050122126 , -129.5315623747, South Pacific, 18/06/2017, 17

1395, 30.4092372350 , -39.4173029109, North Atlantic, 27/06/2017, 133

1396, 35.2015413694 , -54.7121026529, North Atlantic, 16/06/2017, 133

1397, 13.2200613819 , -43.9527835622, North Atlantic, 11/06/2017, 71

1398, 39.5667321885 , -35.9890618762, North Atlantic, 09/06/2017, 69

1399, 35.4474753912 , -53.8416043454, North Atlantic, 07/03/2017, 175

1400, -59.5398128543 , 134.0834820848, Southern, 09/02/2017, 171

1401, -50.1590106730 , 135.0951108779, Southern, 11/03/2017, 8

1402, 75.7996097672 , -134.3713800443, Arctic, 12/05/2017, 68

1403, 73.2518656185 , -165.5610277111, Arctic, 04/04/2017, 44

1404, 73.3807882300 , -163.9911053674, Arctic, 20/02/2017, 82

1405, 72.2189939098 , -155.6576271661, Arctic, 16/02/2017, 167

1406, -49.4275162320 , -123.7702044257, South Pacific, 14/06/2017, 107

1407, -48.1190933697 , -96.7390899112, South Pacific, 06/02/2017, 177

1408, -52.4624215078 , -125.6300326230, South Pacific, 16/05/2017, 113

1409, -47.0835232255 , -102.4529602157, South Pacific, 21/01/2017, 144

1410, 72.7488749701 , -164.7875514975, Arctic, 13/02/2017, 89

1411, 74.0172633873 , -165.6614298540, Arctic, 01/03/2017, 40

1412, 75.7607314604 , -151.4735698427, Arctic, 31/01/2017, 35

1413, 79.7713586910 , -133.7615714053, Arctic, 05/01/2017, 142

1414, 75.5305189842 , -139.3534558124, Arctic, 05/04/2017, 147

1415, 15.8909615762 , -53.3335590471, North Atlantic, 11/06/2017, 4

1416, 17.3478349752 , -55.9598526945, North Atlantic, 23/02/2017, 17

1417, 28.8689783722 , -40.6959145613, North Atlantic, 24/03/2017, 116

1418, 20.1485614992 , 145.2452665941, North Pacific, 26/03/2017, 142

1419, 15.3928232218 , 158.9105031052, North Pacific, 16/02/2017, 44

1420, 1.8768469951 , 163.5817393980, North Pacific, 16/02/2017, 26

1421, 14.2282000343 , 149.7205394179, North Pacific, 18/01/2017, 124

1422, 1.4417372185 , 148.7196519616, North Pacific, 16/05/2017, 42

1423, -40.9704837161 , -25.4736982218, South Atlantic, 08/01/2017, 14

1424, -44.9285448505 , -25.7332199583, South Atlantic, 05/03/2017, 131

1425, -33.7704601063 , 3.5779541980, South Atlantic, 30/03/2017, 112

1426, -33.5298795921 , -14.3674347710, South Atlantic, 20/02/2017, 193

1427, -40.6735227586 , -14.9350479548, South Atlantic, 04/06/2017, 75

1428, -19.6095473201 , 82.7896821605, Indian, 10/03/2017, 63

1429, -20.5075789595 , 64.9444929533, Indian, 24/02/2017, 150

1430, -34.2551753597 , 71.9240096081, Indian, 16/04/2017, 122

1431, -14.4167317098 , 72.6275751799, Indian, 15/05/2017, 107

1432, -33.9549726709 , 95.8156247976, Indian, 25/04/2017, 77

1433, 25.2538588109 , -52.1408541511, North Atlantic, 23/04/2017, 165

1434, 30.0953229331 , -37.2071964048, North Atlantic, 14/04/2017, 24

1435, 25.7402980354 , -45.4378313177, North Atlantic, 04/04/2017, 87

1436, 10.7164115183 , -52.1199421548, North Atlantic, 20/01/2017, 151

1437, 28.7124011799 , -51.0855204617, North Atlantic, 08/02/2017, 70

1438, 78.7658044951 , -141.7506513054, Arctic, 21/02/2017, 141

1439, 72.2521845364 , -140.2429997224, Arctic, 11/06/2017, 120

1440, 77.0732360729 , -158.2855704558, Arctic, 22/05/2017, 198

1441, 73.7352609642 , -169.1461664807, Arctic, 06/06/2017, 72

1442, 74.2902540948 , -158.5106571524, Arctic, 24/01/2017, 13

1443, 76.1687487420 , -134.0996921454, Arctic, 18/01/2017, 95

1444, 75.1288841642 , -157.9553658087, Arctic, 14/04/2017, 29

1445, 76.5022064021 , -152.5266905606, Arctic, 17/02/2017, 174

1446, 74.7329362234 , -134.1668529083, Arctic, 06/04/2017, 24

1447, 79.0311173271 , -151.8643776243, Arctic, 15/04/2017, 168

1448, 76.4678232728 , -133.5019491629, Arctic, 30/05/2017, 42

1449, 75.8727179225 , -166.1646806245, Arctic, 01/03/2017, 45

1450, 77.1441074596 , -158.8173581608, Arctic, 18/03/2017, 93

1451, 75.1039169482 , -143.5562243935, Arctic, 25/04/2017, 147

1452, 72.3814250195 , -160.5486044616, Arctic, 20/04/2017, 88

1453, 74.1767234775 , -159.6466005545, Arctic, 04/01/2017, 45

1454, -26.8518786863 , -116.4674471163, South Pacific, 02/01/2017, 50

1455, -14.0403887881 , -144.9401387549, South Pacific, 06/01/2017, 141

1456, -26.3822612801 , -109.6656444760, South Pacific, 18/01/2017, 87

1457, -49.8782995948 , -102.7023448854, South Pacific, 31/01/2017, 58

