1, 1, 1

2, 1, 2

3, 1, 3

4, 2, 4

5, 2, 5

6, 2, 6

7, 2, 7

8, 3, 8

9, 3, 9

10, 4, 10

11, 4, 11

12, 5, 12

13, 6, 13

14, 7, 14

15, 7, 15

16, 7, 16

17, 7, 17

18, 7, 18

19, 8, 19

20, 8, 20

21, 8, 21

22, 8, 22

23, 9, 23

24, 10, 24

25, 10, 25

26, 10, 26

27, 11, 27

28, 11, 28

29, 11, 29

30, 11, 30

31, 12, 31

32, 13, 32

33, 13, 33

34, 13, 34

35, 13, 35

36, 14, 36

37, 14, 37

38, 14, 38

39, 14, 39

40, 15, 40

41, 15, 41

42, 15, 42

43, 15, 43

44, 16, 44

45, 16, 45

46, 16, 46

47, 16, 47

48, 16, 48

49, 17, 49

50, 17, 50

51, 17, 51

52, 17, 52

53, 17, 53

54, 18, 54

55, 18, 55

56, 18, 56

57, 18, 57

58, 19, 58

59, 19, 59

60, 20, 60

61, 20, 61

62, 20, 62

63, 20, 63

64, 20, 64

65, 21, 65

66, 21, 66

67, 21, 67

68, 22, 68

69, 22, 69

70, 23, 70

71, 23, 71

72, 24, 72

73, 24, 73

74, 24, 74

75, 24, 75

76, 25, 76

77, 25, 77

78, 25, 78

79, 25, 79

80, 25, 80

81, 26, 81

82, 27, 82

83, 27, 83

84, 27, 84

85, 27, 85

86, 27, 86

87, 28, 87

88, 28, 88

89, 28, 89

90, 29, 90

91, 29, 91

92, 30, 92

93, 31, 93

94, 32, 94

95, 32, 95

96, 32, 96

97, 33, 97

98, 34, 98

99, 34, 99

100, 34, 100

101, 34, 101

102, 34, 102

103, 35, 103

104, 36, 104

105, 37, 105

106, 37, 106

107, 37, 107

108, 37, 108

109, 37, 109

110, 38, 110

111, 38, 111

112, 38, 112

113, 38, 113

114, 39, 114

115, 39, 115

116, 40, 116

117, 40, 117

118, 40, 118

119, 40, 119

120, 40, 120

121, 41, 121

122, 41, 122

123, 41, 123

124, 42, 124

125, 42, 125

126, 42, 126

127, 42, 127

128, 43, 128

129, 43, 129

130, 43, 130

131, 44, 131

132, 44, 132

133, 44, 133

134, 44, 134

135, 45, 135

136, 46, 136

137, 46, 137

138, 47, 138

139, 47, 139

140, 47, 140

141, 47, 141

142, 47, 142

143, 48, 143

144, 48, 144

145, 48, 145

146, 48, 146

147, 49, 147

148, 50, 148

149, 50, 149

150, 51, 150

151, 51, 151

152, 51, 152

153, 51, 153

154, 51, 154

155, 52, 155

156, 52, 156

157, 52, 157

158, 53, 158

159, 54, 159

160, 54, 160

161, 54, 161

162, 54, 162

163, 55, 163

164, 56, 164

165, 56, 165

166, 56, 166

167, 56, 167

168, 57, 168

169, 57, 169

170, 57, 170

171, 57, 171

172, 57, 172

173, 58, 173

174, 58, 174

175, 59, 175

176, 59, 176

177, 59, 177

178, 59, 178

179, 59, 179

180, 60, 180

181, 60, 181

182, 60, 182

183, 60, 183

184, 60, 184

185, 61, 185

186, 61, 186

187, 61, 187

188, 61, 188

189, 61, 189

190, 62, 190

191, 62, 191

192, 63, 192

193, 63, 193

194, 63, 194

195, 63, 195

196, 63, 196

197, 64, 197

198, 64, 198

199, 65, 199

200, 66, 200

201, 67, 201

202, 67, 202

203, 68, 203

204, 68, 204

205, 68, 205

206, 68, 206

207, 68, 207

208, 69, 208

209, 69, 209

210, 69, 210

211, 70, 211

212, 70, 212

213, 70, 213

214, 71, 214

215, 71, 215

216, 71, 216

217, 71, 217

218, 72, 218

219, 73, 219

220, 73, 220

221, 73, 221

222, 73, 222

223, 73, 223

224, 74, 224

225, 74, 225

226, 74, 226

227, 74, 227

228, 75, 228

229, 75, 229

230, 75, 230

231, 75, 231

232, 76, 232

233, 76, 233

234, 76, 234

235, 76, 235

236, 76, 236

237, 77, 237

238, 77, 238

239, 77, 239

240, 77, 240

241, 77, 241

242, 78, 242

243, 78, 243

244, 78, 244

245, 78, 245

246, 79, 246

247, 80, 247

248, 80, 248

249, 80, 249

250, 80, 250

251, 80, 251

252, 81, 252

253, 81, 253

254, 81, 254

255, 82, 255

256, 83, 256

257, 83, 257

258, 84, 258

259, 84, 259

260, 85, 260

261, 85, 261

262, 86, 262

263, 86, 263

264, 87, 264

265, 87, 265

266, 87, 266

267, 88, 267

268, 89, 268

269, 89, 269

270, 89, 270

271, 89, 271

272, 90, 272

273, 90, 273

274, 90, 274

275, 91, 275

276, 91, 276

277, 91, 277

278, 91, 278

279, 92, 279

280, 92, 280

281, 93, 281

282, 93, 282

283, 93, 283

284, 93, 284

285, 93, 285

286, 94, 286

287, 94, 287

288, 95, 288

289, 95, 289

290, 95, 290

291, 96, 291

292, 97, 292

293, 98, 293

294, 99, 294

295, 99, 295

296, 100, 296

297, 100, 297

298, 100, 298

299, 101, 299

300, 101, 300

301, 101, 301

302, 102, 302

303, 102, 303

304, 102, 304

305, 103, 305

306, 103, 306

307, 104, 307

308, 104, 308

309, 104, 309

310, 105, 310

311, 105, 311

312, 105, 312

313, 106, 313

314, 106, 314

315, 106, 315

316, 106, 316

317, 107, 317

318, 107, 318

319, 107, 319

320, 107, 320

321, 108, 321

322, 108, 322

323, 108, 323

324, 108, 324

325, 109, 325

326, 109, 326

327, 110, 327

328, 110, 328

329, 110, 329

330, 111, 330

331, 112, 331

332, 113, 332

333, 113, 333

334, 113, 334

335, 113, 335

336, 113, 336

337, 114, 337

338, 115, 338

339, 116, 339

340, 116, 340

341, 117, 341

342, 118, 342

343, 118, 343

344, 118, 344

345, 118, 345

346, 119, 346

347, 120, 347

348, 120, 348

349, 120, 349

350, 120, 350

351, 120, 351

352, 121, 352

353, 121, 353

354, 121, 354

355, 122, 355

356, 122, 356

357, 123, 357

358, 124, 358

359, 124, 359

360, 124, 360

361, 124, 361

362, 125, 362

363, 125, 363

364, 126, 364

365, 126, 365

366, 126, 366

367, 126, 367

368, 126, 368

369, 127, 369

370, 128, 370

371, 128, 371

372, 128, 372

373, 129, 373

374, 129, 374

375, 129, 375

376, 129, 376

377, 129, 377

378, 130, 378

379, 130, 379

380, 130, 380

381, 131, 381

382, 131, 382

383, 131, 383

384, 131, 384

385, 131, 385

386, 132, 386

387, 132, 387

388, 132, 388

389, 133, 389

390, 133, 390

391, 133, 391

392, 133, 392

393, 134, 393

394, 134, 394

395, 135, 395

396, 136, 396

397, 136, 397

398, 136, 398

399, 136, 399

400, 137, 400

401, 137, 401

402, 137, 402

403, 137, 403

404, 137, 404

405, 138, 405

406, 138, 406

407, 138, 407

408, 138, 408

409, 139, 409

410, 139, 410

411, 140, 411

412, 140, 412

413, 140, 413

414, 141, 414

415, 141, 415

416, 142, 416

417, 142, 417

418, 143, 418

419, 144, 419

420, 144, 420

421, 144, 421

422, 144, 422

423, 144, 423

424, 145, 424

425, 145, 425

426, 146, 426

427, 146, 427

428, 146, 428

429, 146, 429

430, 146, 430

431, 147, 431

432, 148, 432

433, 149, 433

434, 149, 434

435, 150, 435

436, 150, 436

437, 150, 437

438, 150, 438

439, 151, 439

440, 151, 440

441, 152, 441

442, 153, 442

443, 153, 443

444, 153, 444

445, 153, 445

446, 154, 446

447, 154, 447

448, 154, 448

449, 154, 449

450, 155, 450

451, 155, 451

452, 155, 452

453, 156, 453

454, 156, 454

455, 156, 455

456, 156, 456

457, 157, 457

458, 157, 458

459, 157, 459

460, 158, 460

461, 159, 461

462, 159, 462

463, 159, 463

464, 159, 464

465, 160, 465

466, 160, 466

467, 161, 467

468, 161, 468

469, 161, 469

470, 161, 470

471, 162, 471

472, 162, 472

473, 162, 473

474, 162, 474

475, 163, 475

476, 163, 476

477, 164, 477

478, 164, 478

479, 165, 479

480, 165, 480

481, 165, 481

482, 166, 482

483, 166, 483

484, 166, 484

485, 166, 485

486, 166, 486

487, 167, 487

488, 168, 488

489, 169, 489

490, 169, 490

491, 169, 491

492, 169, 492

493, 169, 493

494, 170, 494

495, 170, 495

496, 171, 496

497, 172, 497

498, 172, 498

499, 173, 499

500, 174, 500

501, 174, 501

502, 174, 502

503, 174, 503

504, 175, 504

505, 175, 505

506, 175, 506

507, 175, 507

508, 176, 508

509, 176, 509

510, 176, 510

511, 176, 511

512, 176, 512

513, 177, 513

514, 177, 514

515, 178, 515

516, 178, 516

517, 178, 517

518, 178, 518

519, 179, 519

520, 180, 520

521, 180, 521

522, 180, 522

523, 180, 523

524, 180, 524

525, 181, 525

526, 182, 526

527, 182, 527

528, 182, 528

529, 182, 529

530, 182, 530

531, 183, 531

532, 183, 532

533, 184, 533

534, 185, 534

535, 186, 535

536, 187, 536

537, 187, 537

538, 188, 538

539, 188, 539

540, 188, 540

541, 188, 541

542, 189, 542

543, 190, 543

544, 190, 544

545, 191, 545

546, 191, 546

547, 191, 547

548, 191, 548

549, 192, 549

550, 192, 550

551, 192, 551

552, 193, 552

553, 194, 553

554, 195, 554

555, 195, 555

556, 195, 556

557, 196, 557

558, 196, 558

559, 196, 559

560, 197, 560

561, 197, 561

562, 198, 562

563, 198, 563

564, 198, 564

565, 198, 565

566, 199, 566

567, 199, 567

568, 199, 568

569, 200, 569

570, 200, 570

571, 200, 571

572, 200, 572

573, 201, 573

574, 201, 574

575, 201, 575

576, 201, 576

577, 202, 577

578, 202, 578

579, 202, 579

580, 202, 580

581, 202, 581

582, 203, 582

583, 203, 583

584, 203, 584

585, 203, 585

586, 203, 586

587, 204, 587

588, 204, 588

589, 205, 589

590, 206, 590

591, 206, 591

592, 206, 592

593, 206, 593

594, 207, 594

595, 207, 595

596, 208, 596

597, 208, 597

598, 208, 598

599, 209, 599

600, 209, 600

601, 209, 601

602, 209, 602

603, 209, 603

604, 210, 604

605, 210, 605

606, 211, 606

607, 211, 607

608, 211, 608

609, 211, 609

610, 211, 610

611, 212, 611

612, 212, 612

613, 212, 613

614, 212, 614

615, 212, 615

616, 213, 616

617, 213, 617

618, 213, 618

619, 213, 619

620, 213, 620

621, 214, 621

622, 214, 622

623, 215, 623

624, 215, 624

625, 215, 625

626, 215, 626

627, 215, 627

628, 216, 628

629, 216, 629

630, 216, 630

631, 216, 631

632, 216, 632

633, 217, 633

634, 218, 634

635, 218, 635

636, 218, 636

637, 218, 637

638, 219, 638

639, 219, 639

640, 219, 640

641, 220, 641

642, 220, 642

643, 220, 643

644, 221, 644

645, 221, 645

646, 221, 646

647, 221, 647

648, 221, 648

649, 222, 649

650, 222, 650

651, 223, 651

652, 223, 652

653, 223, 653

654, 224, 654

655, 224, 655

656, 224, 656

657, 224, 657

658, 225, 658

659, 225, 659

660, 225, 660

661, 226, 661

662, 226, 662

663, 226, 663

664, 226, 664

665, 227, 665

666, 227, 666

667, 227, 667

668, 227, 668

669, 228, 669

670, 229, 670

671, 229, 671

672, 229, 672

673, 229, 673

674, 230, 674

675, 230, 675

676, 231, 676

677, 231, 677

678, 232, 678

679, 232, 679

680, 232, 680

681, 232, 681

682, 232, 682

683, 233, 683

684, 233, 684

685, 233, 685

686, 234, 686

687, 234, 687

688, 235, 688

689, 235, 689

690, 235, 690

691, 235, 691

692, 236, 692

693, 236, 693

694, 237, 694

695, 237, 695

696, 237, 696

697, 237, 697

698, 237, 698

699, 238, 699

700, 239, 700

701, 239, 701

702, 240, 702

703, 241, 703

704, 241, 704

705, 242, 705

706, 242, 706

707, 242, 707

708, 242, 708

709, 242, 709

710, 243, 710

711, 243, 711

712, 244, 712

713, 244, 713

714, 244, 714

715, 245, 715

716, 245, 716

717, 246, 717

718, 246, 718

719, 246, 719

720, 247, 720

721, 248, 721

722, 248, 722

723, 249, 723

724, 249, 724

725, 250, 725

726, 250, 726

727, 250, 727

728, 250, 728

729, 251, 729

730, 251, 730

731, 251, 731

732, 251, 732

733, 252, 733

734, 252, 734

735, 252, 735

736, 252, 736

737, 252, 737

738, 253, 738

739, 253, 739

740, 253, 740

741, 253, 741

742, 254, 742

743, 254, 743

744, 255, 744

745, 255, 745

746, 255, 746

747, 256, 747

748, 256, 748

749, 256, 749

750, 256, 750

751, 257, 751

752, 257, 752

753, 257, 753

754, 257, 754

755, 257, 755

756, 258, 756

757, 258, 757

758, 258, 758

759, 258, 759

760, 259, 760

761, 259, 761

762, 260, 762

763, 260, 763

764, 260, 764

765, 260, 765

766, 261, 766

767, 262, 767

768, 262, 768

769, 262, 769

770, 262, 770

771, 262, 771

772, 263, 772

773, 263, 773

774, 263, 774

775, 263, 775

776, 264, 776

777, 264, 777

778, 264, 778

779, 264, 779

780, 265, 780

781, 265, 781

782, 266, 782

783, 266, 783

784, 267, 784

785, 267, 785

786, 267, 786

787, 267, 787

788, 268, 788

789, 269, 789

790, 269, 790

791, 269, 791

792, 270, 792

793, 270, 793

794, 271, 794

795, 271, 795

796, 272, 796

797, 273, 797

798, 273, 798

799, 273, 799

800, 273, 800

801, 273, 801

802, 274, 802

803, 274, 803

804, 274, 804

805, 275, 805

806, 276, 806

807, 276, 807

808, 276, 808

809, 276, 809

810, 277, 810

811, 277, 811

812, 277, 812

813, 278, 813

814, 278, 814

815, 278, 815

816, 278, 816

817, 278, 817

818, 279, 818

819, 279, 819

820, 279, 820

821, 279, 821

822, 280, 822

823, 280, 823

824, 280, 824

825, 281, 825

826, 281, 826

827, 281, 827

828, 282, 828

829, 282, 829

830, 282, 830

831, 282, 831

832, 283, 832

833, 284, 833

834, 284, 834

835, 285, 835

836, 285, 836

837, 285, 837

838, 286, 838

839, 286, 839

840, 287, 840

841, 287, 841

842, 287, 842

843, 287, 843

844, 288, 844

845, 288, 845

846, 288, 846

847, 289, 847

848, 289, 848

849, 289, 849

850, 289, 850

851, 289, 851

852, 290, 852

853, 290, 853

854, 291, 854

855, 291, 855

856, 291, 856

857, 292, 857

858, 293, 858

859, 293, 859

860, 293, 860

861, 293, 861

862, 294, 862

863, 294, 863

864, 294, 864

865, 294, 865

866, 295, 866

867, 295, 867

868, 296, 868

869, 296, 869

870, 296, 870

871, 296, 871

872, 296, 872

873, 297, 873

874, 298, 874

875, 298, 875

876, 298, 876

877, 298, 877

878, 299, 878

879, 299, 879

880, 299, 880

881, 299, 881

882, 300, 882

883, 300, 883

884, 300, 884

885, 300, 885

886, 301, 886

887, 302, 887

888, 303, 888

889, 303, 889

890, 304, 890

891, 304, 891

892, 304, 892

893, 305, 893

894, 305, 894

895, 305, 895

896, 306, 896

897, 307, 897

898, 307, 898

899, 307, 899

900, 308, 900

901, 308, 901

902, 309, 902

903, 310, 903

904, 310, 904

905, 310, 905

906, 311, 906

907, 311, 907

908, 311, 908

909, 311, 909

910, 311, 910

911, 312, 911

912, 312, 912

913, 313, 913

914, 313, 914

915, 314, 915

916, 314, 916

917, 314, 917

918, 315, 918

919, 315, 919

920, 315, 920

921, 315, 921

922, 316, 922

923, 317, 923

924, 317, 924

925, 317, 925

926, 318, 926

927, 318, 927

928, 318, 928

929, 318, 929

930, 318, 930

931, 319, 931

932, 319, 932

933, 319, 933

934, 319, 934

935, 319, 935

936, 320, 936

937, 320, 937

938, 320, 938

939, 321, 939

940, 321, 940

941, 322, 941

942, 322, 942

943, 323, 943

944, 324, 944

945, 324, 945

946, 325, 946

947, 325, 947

948, 326, 948

949, 326, 949

950, 326, 950

951, 326, 951

952, 326, 952

953, 327, 953

954, 327, 954

955, 327, 955

956, 328, 956

957, 328, 957

958, 328, 958

959, 329, 959

960, 329, 960

961, 329, 961

962, 330, 962

963, 330, 963

964, 330, 964

965, 330, 965

966, 331, 966

967, 331, 967

968, 331, 968

969, 332, 969

970, 333, 970

971, 333, 971

972, 333, 972

973, 333, 973

974, 333, 974

975, 334, 975

976, 335, 976

977, 335, 977

978, 336, 978

979, 336, 979

980, 336, 980

981, 337, 981

982, 337, 982

983, 338, 983

984, 338, 984

985, 338, 985

986, 338, 986

987, 339, 987

988, 340, 988

989, 341, 989

990, 342, 990

991, 342, 991

992, 342, 992

993, 342, 993

994, 342, 994

995, 343, 995

996, 343, 996

997, 343, 997

998, 344, 998

999, 344, 999

1000, 345, 1000

1001, 345, 1001

1002, 346, 1002

1003, 346, 1003

1004, 347, 1004

1005, 347, 1005

1006, 348, 1006

1007, 349, 1007

1008, 349, 1008

1009, 349, 1009

1010, 349, 1010

1011, 350, 1011

1012, 350, 1012

1013, 351, 1013

1014, 352, 1014

1015, 352, 1015

1016, 353, 1016

1017, 353, 1017

1018, 353, 1018

1019, 353, 1019

1020, 353, 1020

1021, 354, 1021

1022, 354, 1022

1023, 354, 1023

1024, 355, 1024

1025, 355, 1025

1026, 355, 1026

1027, 355, 1027

1028, 356, 1028

1029, 356, 1029

1030, 356, 1030

1031, 357, 1031

1032, 357, 1032

1033, 357, 1033

1034, 357, 1034

1035, 357, 1035

1036, 358, 1036

1037, 358, 1037

1038, 358, 1038

1039, 359, 1039

1040, 359, 1040

1041, 359, 1041

1042, 360, 1042

1043, 360, 1043

1044, 360, 1044

1045, 360, 1045

1046, 361, 1046

1047, 361, 1047

1048, 361, 1048

1049, 361, 1049

1050, 362, 1050

1051, 362, 1051

1052, 362, 1052

1053, 363, 1053

1054, 363, 1054

1055, 363, 1055

1056, 364, 1056

1057, 364, 1057

1058, 364, 1058

1059, 364, 1059

1060, 365, 1060

1061, 365, 1061

1062, 365, 1062

1063, 365, 1063

1064, 366, 1064

1065, 366, 1065

1066, 367, 1066

1067, 367, 1067

1068, 367, 1068

1069, 367, 1069

1070, 368, 1070

1071, 369, 1071

1072, 369, 1072

1073, 369, 1073

1074, 370, 1074

1075, 370, 1075

1076, 371, 1076

1077, 371, 1077

1078, 371, 1078

1079, 371, 1079

1080, 372, 1080

1081, 373, 1081

1082, 373, 1082

1083, 373, 1083

1084, 373, 1084

1085, 373, 1085

1086, 374, 1086

1087, 374, 1087

1088, 375, 1088

1089, 375, 1089

1090, 376, 1090

1091, 376, 1091

1092, 376, 1092

1093, 377, 1093

1094, 377, 1094

1095, 377, 1095

1096, 378, 1096

1097, 378, 1097

1098, 379, 1098

1099, 380, 1099

1100, 381, 1100

1101, 381, 1101

1102, 382, 1102

1103, 383, 1103

1104, 384, 1104

1105, 384, 1105

1106, 384, 1106

1107, 384, 1107

1108, 385, 1108

1109, 385, 1109

1110, 385, 1110

1111, 385, 1111

1112, 386, 1112

1113, 387, 1113

1114, 387, 1114

1115, 387, 1115

1116, 388, 1116

1117, 388, 1117

1118, 388, 1118

1119, 388, 1119

1120, 388, 1120

1121, 389, 1121

1122, 390, 1122

1123, 390, 1123

1124, 391, 1124

1125, 392, 1125

1126, 392, 1126

1127, 393, 1127

1128, 393, 1128

1129, 394, 1129

1130, 394, 1130

1131, 395, 1131

1132, 395, 1132

1133, 395, 1133

1134, 395, 1134

1135, 395, 1135

1136, 396, 1136

1137, 396, 1137

1138, 396, 1138

1139, 397, 1139

1140, 398, 1140

1141, 398, 1141

1142, 399, 1142

1143, 399, 1143

1144, 399, 1144

1145, 400, 1145

1146, 400, 1146

1147, 400, 1147

1148, 401, 1148

1149, 402, 1149

1150, 402, 1150

1151, 402, 1151

1152, 402, 1152

1153, 402, 1153

1154, 403, 1154

1155, 403, 1155

1156, 404, 1156

1157, 404, 1157

1158, 405, 1158

1159, 405, 1159

1160, 405, 1160

1161, 405, 1161

1162, 406, 1162

1163, 406, 1163

1164, 406, 1164

1165, 406, 1165

1166, 407, 1166

1167, 408, 1167

1168, 408, 1168

1169, 408, 1169

1170, 409, 1170

1171, 409, 1171

1172, 409, 1172

1173, 409, 1173

1174, 409, 1174

1175, 410, 1175

1176, 410, 1176

1177, 410, 1177

1178, 410, 1178

1179, 411, 1179

1180, 411, 1180

1181, 412, 1181

1182, 412, 1182

1183, 412, 1183

1184, 412, 1184

1185, 412, 1185

1186, 413, 1186

1187, 413, 1187

1188, 413, 1188

1189, 414, 1189

1190, 415, 1190

1191, 415, 1191

1192, 415, 1192

1193, 415, 1193

1194, 415, 1194

1195, 416, 1195

1196, 416, 1196

1197, 416, 1197

1198, 416, 1198

1199, 417, 1199

1200, 418, 1200

1201, 418, 1201

1202, 418, 1202

1203, 419, 1203

1204, 419, 1204

1205, 420, 1205

1206, 420, 1206

1207, 420, 1207

1208, 420, 1208

1209, 420, 1209

1210, 421, 1210

1211, 422, 1211

1212, 422, 1212

1213, 423, 1213

1214, 423, 1214

1215, 423, 1215

1216, 424, 1216

1217, 425, 1217

1218, 425, 1218

1219, 426, 1219

1220, 426, 1220

1221, 426, 1221

1222, 426, 1222

1223, 427, 1223

1224, 427, 1224

1225, 427, 1225

1226, 427, 1226

1227, 428, 1227

1228, 428, 1228

1229, 428, 1229

1230, 428, 1230

1231, 428, 1231

1232, 429, 1232

1233, 429, 1233

1234, 429, 1234

1235, 430, 1235

1236, 430, 1236

1237, 430, 1237

1238, 430, 1238

1239, 431, 1239

1240, 432, 1240

1241, 432, 1241

1242, 432, 1242

1243, 432, 1243

1244, 433, 1244

1245, 433, 1245

1246, 433, 1246

1247, 434, 1247

1248, 434, 1248

1249, 434, 1249

1250, 435, 1250

1251, 435, 1251

1252, 435, 1252

1253, 435, 1253

1254, 435, 1254

1255, 436, 1255

1256, 436, 1256

1257, 436, 1257

1258, 436, 1258

1259, 436, 1259

1260, 437, 1260

1261, 437, 1261

1262, 437, 1262

1263, 437, 1263

1264, 437, 1264

1265, 438, 1265

1266, 438, 1266

1267, 438, 1267

1268, 439, 1268

1269, 439, 1269

1270, 439, 1270

1271, 440, 1271

1272, 440, 1272

1273, 440, 1273

1274, 440, 1274

1275, 440, 1275

1276, 441, 1276

1277, 441, 1277

1278, 441, 1278

1279, 441, 1279

1280, 441, 1280

1281, 442, 1281

1282, 442, 1282

1283, 443, 1283

1284, 443, 1284

1285, 443, 1285

1286, 443, 1286

1287, 444, 1287

1288, 444, 1288

1289, 445, 1289

1290, 445, 1290

1291, 445, 1291

1292, 445, 1292

1293, 445, 1293

1294, 446, 1294

1295, 447, 1295

1296, 447, 1296

1297, 448, 1297

1298, 449, 1298

1299, 449, 1299

1300, 450, 1300

1301, 450, 1301

1302, 451, 1302

1303, 451, 1303

1304, 451, 1304

1305, 452, 1305

1306, 452, 1306

1307, 452, 1307

1308, 453, 1308

1309, 453, 1309

1310, 454, 1310

1311, 454, 1311

1312, 454, 1312

1313, 454, 1313

1314, 454, 1314

1315, 455, 1315

1316, 455, 1316

1317, 455, 1317

1318, 456, 1318

1319, 456, 1319

1320, 456, 1320

1321, 456, 1321

1322, 457, 1322

1323, 457, 1323

1324, 457, 1324

1325, 458, 1325

1326, 458, 1326

1327, 458, 1327

1328, 459, 1328

1329, 459, 1329

1330, 460, 1330

1331, 460, 1331

1332, 460, 1332

1333, 461, 1333

1334, 461, 1334

1335, 461, 1335

1336, 462, 1336

1337, 463, 1337

1338, 463, 1338

1339, 463, 1339

1340, 464, 1340

1341, 464, 1341

1342, 464, 1342

1343, 464, 1343

1344, 465, 1344

1345, 465, 1345

1346, 465, 1346

1347, 466, 1347

1348, 467, 1348

1349, 467, 1349

1350, 467, 1350

1351, 467, 1351

1352, 467, 1352

1353, 468, 1353

1354, 469, 1354

1355, 470, 1355

1356, 470, 1356

1357, 471, 1357

1358, 471, 1358

1359, 471, 1359

1360, 471, 1360

1361, 471, 1361

1362, 472, 1362

1363, 472, 1363

1364, 472, 1364

1365, 473, 1365

1366, 473, 1366

1367, 473, 1367

1368, 474, 1368

1369, 474, 1369

1370, 474, 1370

1371, 475, 1371

1372, 475, 1372

1373, 476, 1373

1374, 477, 1374

1375, 477, 1375

1376, 477, 1376

1377, 478, 1377

1378, 479, 1378

1379, 479, 1379

1380, 479, 1380

1381, 479, 1381

1382, 479, 1382

1383, 480, 1383

1384, 481, 1384

1385, 482, 1385

1386, 482, 1386

1387, 482, 1387

1388, 483, 1388

1389, 483, 1389

1390, 483, 1390

1391, 483, 1391

1392, 484, 1392

1393, 484, 1393

1394, 484, 1394

1395, 485, 1395

1396, 485, 1396

1397, 485, 1397

1398, 485, 1398

1399, 485, 1399

1400, 486, 1400

1401, 486, 1401

1402, 487, 1402

1403, 487, 1403

1404, 487, 1404

1405, 487, 1405

1406, 488, 1406

1407, 488, 1407

1408, 488, 1408

1409, 488, 1409

1410, 489, 1410

1411, 489, 1411

1412, 489, 1412

1413, 489, 1413

1414, 490, 1414

1415, 491, 1415

1416, 491, 1416

1417, 491, 1417

1418, 492, 1418

1419, 492, 1419

1420, 492, 1420

1421, 492, 1421

1422, 492, 1422

1423, 493, 1423

1424, 493, 1424

1425, 493, 1425

1426, 493, 1426

1427, 493, 1427

1428, 494, 1428

1429, 494, 1429

1430, 494, 1430

1431, 494, 1431

1432, 494, 1432

1433, 495, 1433

1434, 495, 1434

1435, 495, 1435

1436, 495, 1436

1437, 495, 1437

1438, 496, 1438

1439, 496, 1439

1440, 496, 1440

1441, 496, 1441

1442, 497, 1442

1443, 497, 1443

1444, 497, 1444

1445, 498, 1445

1446, 498, 1446

1447, 498, 1447

1448, 498, 1448

1449, 498, 1449

1450, 499, 1450

1451, 499, 1451

1452, 499, 1452

1453, 499, 1453

1454, 500, 1454

1455, 500, 1455

1456, 500, 1456

1457, 500, 1457

